Cooling Channel 10,Temperature Channel 1,Maxigauge Channel 3
0.40704814,0.65426904,-1.0294955
0.30257973,0.7231604,-1.0267906
0.8481934,-0.186698,-1.0257943
0.59728867,0.33536345,-1.0316883
0.21534742,0.24057658,-0.9203027
0.29807222,0.83827806,-0.82913625
-0.023971768,0.8655482,-0.99644583
0.82177776,0.96277183,0.40115035
0.76965344,0.9890747,0.8023
-0.47247252,0.97459394,0.9884286
0.72258145,0.9997037,0.91167474
-0.11441707,0.41855568,0.28476092
0.24235493,0.9447298,0.84453136
-0.62103164,0.062857166,1.023994
-0.5279304,-0.53248143,1.0310022
-0.060825568,0.2857756,1.0144496
-0.4942135,-0.08113921,1.0254301
-0.7466925,-0.84936816,0.8276401
-0.5791853,-0.9254086,-0.1937973
-0.8786421,-0.9722899,-0.3462409
-0.1657492,-0.98194885,-0.89676523
0.08320312,-0.8803959,0.08439032
-0.2753365,-0.91750485,-0.47486442
-0.4468603,-0.9429619,-0.91848946
-0.3124941,-0.83645684,-1.0016507
-0.20483696,-0.7686667,-0.9877992
-0.27963856,-0.023525573,-0.95559883
0.48817843,-0.94110096,-1.0170033
0.44717196,-0.957888,-0.92716473
0.21741651,-0.28822225,-1.022762
0.22443643,-0.86411285,-1.0237762
0.26240122,-0.10830278,-0.9408348
0.8949798,-0.33160263,-1.0287222
0.51722246,-0.94504374,-1.0168927
0.76732665,-0.32116452,-1.0266911
0.8981001,-0.39158192,-1.0282727
0.71814936,-0.9796428,-0.9999779
0.9020076,-0.35597247,-1.0285144
0.90290433,-0.3523575,-1.0285128
0.745467,-0.1728536,-1.0307881
0.9032153,-0.35555118,-1.0285329
0.90338427,-0.35455546,-1.0285473
0.7318596,0.10377901,-1.0316539
0.61727905,0.31924394,-1.0317969
0.90286946,-0.35275832,-1.028564
0.9009904,-0.345781,-1.0286591
0.6607947,0.22660379,-1.0320362
0.4988294,0.53711975,-1.0307424
0.36337844,0.69862485,-1.0287758
0.6511368,0.24698475,-1.0320152
0.6673936,0.2177585,-1.0319914
0.50274324,0.5313051,-1.0307866
0.3412553,0.71886426,-1.028345
0.36276492,0.6989038,-1.0287582
0.42285326,0.8186856,-0.99720085
0.22351527,0.7779957,-1.0237852
0.28538007,0.88606715,-0.96606416
0.45779517,0.9361689,-0.382236
0.68195486,1.0062035,0.95422536
0.5687244,1.0064203,0.96952003
0.47381034,0.9179939,1.0103245
-0.46874094,0.9651766,0.9670432
0.30844066,0.57206416,1.0204991
-0.17210922,0.9687494,0.9744912
0.22568865,0.5428065,1.0147817
-0.5766953,-0.84388804,0.7948388
0.40134943,0.66459507,0.77263904
0.26925504,0.1699172,0.9675676
-0.835897,-0.95340514,-0.35268754
-0.41029438,-0.66945237,-0.94366133
0.0753694,-0.8041062,-0.99034536
-0.76425904,-0.91454756,-0.8295392
0.69174725,-0.91946185,-0.9980277
0.4666635,-0.97307396,-0.97884333
0.4370327,-0.29081792,-1.0232091
0.31261402,-0.90128154,-1.0232064
0.73420453,-0.93859464,-1.0065247
0.4477954,-0.9246831,-1.0196025
0.82470894,-0.7920497,-1.0213342
0.8604773,-0.34558928,-1.0280095
0.76250386,-0.7474562,-1.0250913
0.73671013,-0.32286313,-1.026661
0.3624568,0.699487,-1.0287483
0.6149384,-0.9605562,-1.0103816
0.8452342,-0.16746655,-1.0303329
0.55875415,-0.19603918,-1.0313122
0.90250486,-0.35302213,-1.0284872
0.6578378,0.23239236,-1.0320344
0.8577261,-0.40124583,-1.0287237
0.8975945,-0.33348513,-1.0288051
0.6751339,0.20345582,-1.0319752
0.7001894,0.30616826,-1.0267472
0.5952462,0.37057948,-1.0316367
0.74800247,0.06994558,-1.0315642
0.6753356,0.20299214,-1.0319781
0.54078466,0.47101644,-1.0311748
0.40753883,0.65384185,-1.029497
0.5492424,0.4556246,-1.0312496
0.7292874,0.16701059,-1.0304197
0.3538639,0.7326613,-1.0273017
0.16743211,0.69546026,-1.0163779
0.82771564,-0.20551658,-1.0263498
0.56333584,0.8822947,-0.8814908
0.800764,0.9728511,0.40401608
0.3350772,0.8573183,-0.98638886
0.5384405,0.9711619,0.4391018
0.64019376,1.0061206,0.9486751
-0.27861556,1.0005869,0.9966048
0.3721798,0.83877367,1.0172197
-0.6328817,0.95374006,1.0020355
-0.7639032,0.5249337,1.0280136
0.13810492,0.8533762,0.8230569
0.22094494,0.5532005,1.017648
-0.47112516,-0.35907036,0.41267878
0.39242756,0.384068,0.9862096
-0.34254602,-0.442468,0.53787535
-0.4042249,-0.89801425,0.27127442
-0.46689162,-0.47280347,0.7943492
-0.8286628,-0.91635716,-0.40459847
-0.14141938,-0.96123517,-0.90593207
0.85823286,-0.19113955,-1.0294482
0.7301135,0.11809979,-1.0314746
0.31318295,0.6401523,-1.027638
0.31367856,0.7344751,-1.0274725
0.54801697,0.43685788,-1.0311534
0.8770129,-0.34129578,-1.0281969
0.3436715,0.79135627,-0.87143147
0.07818661,0.84937733,-0.9980287
0.606062,0.91576403,-0.60459316
-0.16117796,0.5877877,-0.65945363
0.15333079,0.5383563,0.7492728
0.6140346,0.38021535,0.9555249
-0.12350125,0.5866492,0.075001016
-0.38805714,0.28570062,-0.5925122
0.47968543,0.7220717,0.97115767
-0.18664508,0.306723,1.0111508
0.0497412,0.7306333,0.98171514
0.60063154,0.2814807,0.9342944
-0.26340634,0.1433752,1.0072608
-0.8667152,-0.9226662,-0.43073326
0.14421332,-0.30864552,0.72246826
-0.44499215,-0.5112666,1.0289713
-0.31480822,-0.86397356,0.40225863
-0.6709955,-0.98150945,-0.56772137
-0.4603494,-0.62699836,-0.53883785
-0.62788016,-0.977465,-0.92615426
-0.3831557,-0.96231,-0.88531643
-0.6617628,-0.8521993,-0.5790008
-0.009469882,-0.37518772,-1.0208684
0.8429757,-0.5752162,-1.0243912
0.6476712,-0.97739226,-0.996065
0.756929,-0.9421033,-1.0093501
0.88192713,-0.3568599,-1.0282147
0.46379128,-0.9290187,-1.0204054
0.33937258,-0.19017808,-1.0165056
0.8997444,-0.34100366,-1.0286474
0.54931074,-0.19990978,-1.0312316
0.8996257,-0.35368395,-1.0284879
0.5876825,0.37049216,-1.0315708
0.9014254,-0.34805316,-1.0286125
0.9030594,-0.35474738,-1.0285364
0.90177655,-0.34879974,-1.0286137
0.6556486,0.22474258,-1.0320407
0.9019656,-0.34989032,-1.0285935
0.65397495,0.23967807,-1.0320303
0.9008952,-0.35422197,-1.0285084
0.89929056,-0.34081456,-1.0286939
0.8747428,-0.2537995,-1.0295515
0.66181517,0.22501437,-1.0320307
0.5667375,0.4253654,-1.0314078
0.43742248,0.61896175,-1.0299729
0.618024,0.32555753,-1.0317631
0.6539828,0.24006732,-1.0320321
0.6826554,0.20381473,-1.031741
0.40559718,0.64689106,-1.0294036
0.8536628,-0.094474256,-1.0241996
0.34601617,0.7213904,-1.0281833
0.48257136,0.74090105,-1.0072546
0.76372796,0.9571685,0.009992624
0.44713536,0.99317193,0.7598577
-0.30322942,0.8973719,-0.5323157
0.35994762,0.9867457,0.77528167
-0.520091,0.9643886,1.0017242
0.42125496,0.64657056,1.0082493
0.23130976,0.97332317,0.93623656
0.043106314,-0.4051749,-0.93954086
-0.19982481,-0.117740944,-0.89864355
-0.36115125,-0.31273213,-0.91987026
-0.7125992,-0.8824309,-0.2814721
0.37127885,0.3287566,-0.9569326
0.33878517,0.025863415,0.6241927
-0.117434934,-0.73443425,-0.05711643
0.64523524,-0.7057015,-1.0193341
-0.21320324,-0.6906935,-0.9917965
0.5136191,-0.94815344,-0.9833321
-0.6970376,-0.861138,-0.4702586
0.5589061,-0.36770192,-1.0251522
0.24266027,-0.874179,-1.0250814
0.20870861,-0.95334333,-0.9596145
0.845689,-0.19180067,-1.0265654
0.835016,-0.7459208,-1.0229117
0.6931262,-0.84799767,-1.0207591
0.18041128,-0.27744123,-1.0222527
0.5719999,-0.956405,-1.0132549
0.8584817,-0.56826776,-1.0253075
0.51734406,-0.19110422,-1.0227065
0.35093477,0.7137476,-1.0281981
0.8180899,-0.06724905,-1.0299131
0.8987953,-0.34642974,-1.0282921
0.64155936,0.2672393,-1.0319532
0.34108683,0.71926564,-1.0283453
0.33911797,0.71783304,-1.0282115
0.48147443,0.42428246,-1.027856
0.6122494,0.29634583,-1.0317528
0.34328982,0.68789953,-1.0282401
0.80487394,-0.32204753,-1.0272293
0.39349625,0.72332025,-1.0257225
0.542511,0.8383547,-1.0090457
0.39962006,0.7947774,-1.013701
0.20384435,0.92155755,-0.7668338
0.3644913,0.7226431,-0.99425477
0.14131188,0.30207297,-0.48593837
0.62806386,0.30675983,0.94019383
-0.2657209,0.049415953,0.2579317
-0.34844854,-0.11664156,-0.9422324
-0.40984038,-0.95115983,-0.8834733
-0.5030482,-0.7152117,-0.7882746
0.021007307,-0.67521334,-0.99998313
-0.0273386,-0.43631366,-0.5961495
0.7873584,-0.19224612,-1.0227453
0.16144349,-0.8578177,-1.017148
-0.2838029,0.106696,-0.92168045
0.22317688,-0.4948663,-0.59397984
0.34391788,-0.83826697,-0.91403866
0.2372692,-0.9774697,-0.9698718
0.48843884,-0.5142823,-1.0215949
0.58378935,-0.748691,-1.016107
0.6727718,0.061185267,-1.0093911
0.65814185,-0.06461806,-0.97687435
0.28194964,-0.2867981,-1.0232248
0.46284175,0.58659196,-1.0302804
0.60256714,0.35442725,-1.0316709
0.41247416,-0.5036291,-1.0286447
0.87491745,-0.3324188,-1.0281217
0.48853087,0.86405516,-0.914461
-0.34118846,-0.48576793,-0.86093104
0.61672676,0.25500482,-1.0013709
0.36964852,0.7519552,-1.0225523
-0.2608231,0.3493837,-0.95528185
0.4133494,0.7833738,-1.0070797
0.21955952,0.796904,-0.6234564
0.4576234,0.90859944,0.4137961
0.60696995,0.9780822,0.91464835
0.29718795,0.9436471,0.41845033
0.7047958,-0.19559011,-0.9956224
-0.39867634,-0.803695,-0.778478
-0.20685619,-0.29963592,0.55217457
0.17705646,-0.13187143,0.50216687
0.006417288,0.054531757,0.55518204
-0.86478204,-0.9599658,-0.40422776
-0.36292243,-0.8027777,-0.9880301
0.343367,-0.51633227,0.84049153
-0.8124045,-0.9396927,0.059777796
-0.47081113,-0.42057222,-0.9383802
-0.01967846,-0.9598441,-0.9737441
-0.4326066,-0.8991714,-0.92795
0.45707476,-0.81196266,-1.0117904
0.62853074,-0.9752911,-0.99320996
0.6776288,-0.17173557,-1.0217992
0.21786843,-0.8664502,-1.0162143
0.4170541,-0.30958426,-1.0241404
0.28174883,-0.8505522,-1.0264063
0.43493497,-0.7094929,-0.9740359
0.8645115,-0.30237314,-1.0274755
0.18154772,-0.84186363,-1.0221082
0.10668886,-0.2690932,-1.0214134
0.6192056,0.29018512,-1.0318077
0.8696588,-0.40531075,-1.0259017
0.687973,0.18123898,-1.0319115
0.8941406,-0.3295162,-1.0284219
0.25778753,-0.8690078,-1.0260997
0.9026557,-0.35273892,-1.0285249
0.6596997,0.22985718,-1.032015
0.88892627,-0.3038852,-1.0291553
0.840267,-0.3416543,-1.0277821
0.9032187,-0.353921,-1.028553
0.83893937,-0.14358427,-1.0303477
0.8875875,-0.27658176,-1.0280493
0.5995839,0.36171988,-1.0316701
0.6527686,0.24628867,-1.0319881
0.34030518,0.7199504,-1.0283303
0.34099972,0.72162825,-1.0282518
0.34011376,0.72081244,-1.0282991
0.34567544,0.7143749,-1.028423
0.40934503,0.5222311,-1.02812
0.37948564,0.6545483,-1.0291966
0.5867133,0.88870823,-0.934308
-0.020850206,0.85030305,-0.9817454
0.7849507,0.9733079,0.4498763
0.6654014,0.9999584,0.9678884
-0.52152616,0.9470134,0.9892788
0.56693214,0.38440797,0.97231144
-0.67027926,0.72811747,0.9999318
-0.3785941,0.3718567,-0.92368954
-0.39214608,-0.7396286,0.9199657
0.46252692,0.59118813,0.7256215
-0.21610351,-0.11559054,0.69094664
-0.629545,-0.31777745,-0.929637
0.30320445,-0.91574043,-1.0104312
-0.6380897,-0.90523404,-0.42271653
-0.5572368,-0.98392135,-0.9417601
0.5454489,-0.94079256,-0.95105964
-0.45866826,-0.9938671,-0.9605293
0.65794796,-0.4027069,-1.0237181
0.6593096,-0.9734619,-0.9945078
0.8767992,-0.3797362,-1.0279845
0.6508329,-0.9784816,-0.9923893
0.8690619,-0.34949523,-1.0280544
0.57014376,-0.9544645,-1.0136065
0.86079985,-0.34924594,-1.027985
0.32530653,-0.87129486,-1.0252496
0.8811893,-0.34931818,-1.0282525
0.44448298,0.5025225,-1.0300041
0.6129764,-0.581543,-0.94493
0.20535152,-0.28160474,-1.0226406
0.37200323,0.4468178,-1.0289019
0.6464091,-0.8459127,-1.008063
0.90191954,-0.35223064,-1.0284967
0.64353245,0.010769015,-1.0316668
0.901376,-0.35004207,-1.028413
0.6626795,0.22354577,-1.0320286
0.5553246,0.33920398,-1.0312881
0.90115476,-0.34627306,-1.0286355
0.65923923,0.22898637,-1.032042
0.8853161,-0.34319967,-1.0282971
0.8143226,0.04680296,-1.0240548
0.59820026,0.3606284,-1.0316485
0.8696672,-0.23497017,-1.0291418
0.39372012,0.6681934,-1.029306
0.6633364,0.22264118,-1.0320194
0.60312736,0.3569409,-1.0316775
0.34090582,0.7205228,-1.0283021
0.34572402,0.71492964,-1.0284381
0.47483003,0.5861979,-1.0301253
0.4121246,0.7108572,-1.0270681
0.3409401,0.72056645,-1.0282863
0.26895586,0.6041581,-1.0216641
0.07677675,0.70059633,-1.0191396
0.84631854,0.9703813,0.317411
0.5069482,0.9681428,-0.44637868
0.8413198,0.9737065,0.49607667
0.6592559,1.0079093,0.9638882
0.44577003,0.99689746,0.9697053
0.39548957,1.0012281,0.96786964
-0.2652073,0.5430497,1.0193993
-0.31230915,-0.520907,0.9309581
-0.56954956,0.23558441,1.0159653
0.2887351,-0.12874542,0.93845946
-0.27330142,0.21881919,0.91440064
-0.5099436,-0.24820645,-0.88436484
0.82715434,1.3864601e-05,-1.0233365
0.6298262,0.29668927,-1.0318782
0.55863124,0.29684472,-1.0270957
0.41858166,0.6058809,-1.0262681
0.3573308,0.73878783,-1.0263479
0.3405554,0.6976378,-1.0265033
0.7496443,0.9128765,-0.81152195
0.0932682,0.039541394,-0.53313726
0.5817186,0.18998648,-0.9620641
0.75197816,0.9472625,-0.15429577
0.5603717,0.97003925,0.9871418
0.055608742,0.21587127,-0.8672697
0.40064478,0.9299852,0.43247476
-0.11410223,0.94206977,0.9587427
0.2646688,0.5670054,1.0172844
0.085455574,0.4296062,1.0211418
-0.57123834,0.31221792,1.0233511
-0.8432069,-0.9647184,-0.35326493
-0.3275326,-0.93639326,0.7029137
-0.004083334,-0.7325795,0.61091167
-0.692673,-0.9325953,0.46674138
-0.6631911,-0.99457866,-0.89540315
-0.41145137,-0.98900074,-0.76856947
-0.76726055,-0.91821814,-0.4316869
0.18292488,-0.43681237,-1.0044485
0.41896987,-0.3690779,-1.0233095
0.56460106,-0.88070667,-0.9741066
-0.13135569,-0.77828324,-0.92639714
0.8870881,-0.33771423,-1.0281609
0.2190199,-0.84955543,-1.0208373
0.5981495,-0.94040126,-0.9699345
0.8954889,-0.34896386,-1.0285367
0.06882177,-0.603645,-1.0175419
0.8951566,-0.35039827,-1.0283546
0.8943486,-0.42704216,-1.0279613
0.8833425,-0.34489414,-1.0281608
0.38768938,-0.7873151,-1.02762
0.6541855,0.04822125,-1.0294976
0.29313865,-0.8365634,-1.0270442
0.8711768,-0.61633456,-1.0259355
0.81276995,-0.8540059,-1.0189455
0.876461,-0.34849134,-1.028199
0.66362315,-0.9619841,-1.009898
0.9013861,-0.36808318,-1.0284361
0.86873335,-0.23703271,-1.0298064
0.9023193,-0.3508093,-1.0285839
0.90343106,-0.35473296,-1.0285437
0.8153361,-0.084322646,-1.0308694
0.8977535,-0.35289985,-1.0284721
0.5199495,0.504975,-1.0309689
0.5634317,0.43129525,-1.0313797
0.8089942,-0.06593072,-1.0309027
0.46755794,0.5808053,-1.0303733
0.65899205,0.23065037,-1.032029
0.6572635,0.23341878,-1.0320354
0.35169333,0.7095581,-1.0285549
0.39539343,0.66657066,-1.0293227
0.38688666,0.6748161,-1.0291879
0.60865134,0.2381154,-1.0315661
0.35014838,0.73358655,-1.0271032
0.36639163,0.6963859,-1.0287582
0.46219367,0.62985265,-1.0259461
0.7326477,0.9394095,-0.35338438
0.47459117,0.9772288,0.18343918
0.534267,0.92310363,-0.7245908
0.8278377,0.98795784,0.6949955
0.6299265,1.0067295,0.96742314
0.22506216,0.99374163,0.9879373
0.25720823,0.6282236,1.023977
-0.633695,0.93872535,1.0148475
0.032005463,0.2895275,1.0168052
-0.3829084,0.40527627,1.0278563
-0.4011573,0.14984925,1.017967
-0.5933867,-0.791798,0.97633266
-0.5848411,-0.91475224,-0.27153432
-0.31279862,-0.21874677,0.37014094
0.27580416,-0.7665007,-0.00081860117
-0.6628266,-0.99614245,-0.876169
-0.5039536,-0.6135895,0.27158993
-0.2300332,-0.58276016,-1.0182047
0.16844594,-0.8157118,-1.017034
0.01646361,-0.13520597,-0.99492836
0.6758512,-0.82310075,-1.0119195
0.6077338,-0.3114767,-1.0256048
0.20379631,-0.85752565,-1.0241522
0.77695906,-0.32782426,-1.0270337
0.25333613,-0.87657726,-1.0254974
0.4796376,-0.19695735,-1.0139985
0.39650974,-0.29291877,-1.0240922
0.4044186,-0.389221,-1.0293933
0.67715865,-0.88578624,-1.0103539
0.8779428,-0.2149179,-1.0264689
0.24559645,-0.8652329,-1.0254855
0.1876082,-0.2517366,-1.0201972
0.58710176,0.38239935,-1.0314616
0.22116986,-0.85021365,-1.024944
0.8759418,-0.34852213,-1.0281769
0.35015002,0.71091884,-1.0285225
0.6217195,0.32428354,-1.0315583
0.8890354,-0.30612028,-1.0286587
0.8491274,-0.1851076,-1.0301421
0.46771818,0.5791687,-1.0303705
0.7315675,0.26685414,-1.024053
0.35216758,0.7353767,-1.0268435
0.56876624,0.479371,-1.0295014
0.56548816,0.4520856,-1.030501
0.5998977,0.36084837,-1.031672
0.4541868,0.46246675,-1.0290812
0.46549422,0.5831282,-1.0302044
0.47473234,0.5715154,-1.0304542
0.41328937,0.60926634,-1.0292633
0.43674037,0.4235201,-1.028763
0.6205398,0.9146342,-0.5852023
-0.11371296,0.88762474,-0.9780942
0.7672001,0.94824374,-0.036910642
0.7953131,0.9392063,0.7248511
-0.46712556,0.97877896,0.9927307
0.6858389,1.0026413,0.9229164
0.44757918,1.0047985,0.97530156
0.60725236,0.9927073,0.9832465
0.6343828,0.26754546,-1.0318414
0.61294574,0.36151233,-1.0311728
-0.12892886,-0.5889248,-1.0016822
0.9014814,-0.3487938,-1.0283829
0.6295637,0.18798606,-1.0319152
0.64627,0.360533,-1.029288
0.3538677,0.70477355,-1.0285898
0.8951304,-0.3498361,-1.0280195
0.40608385,-0.29054666,-1.0240684
0.29703987,0.37484482,-1.0270879
0.7277582,0.10906158,-1.0306809
-0.10686645,-0.5708329,-1.0024424
0.8663692,-0.28728387,-1.0256615
0.07291574,-0.8062143,-1.0109159
-0.13197525,0.0938901,-0.9394982
0.2996309,-0.23903592,-1.0197674
0.049091022,-0.14964701,-0.061330955
0.64450943,0.17779166,-0.9782653
0.19616842,-0.86014324,-1.0232885
0.036365513,-0.4972953,-0.9953845
-0.04949563,-0.084848955,-0.9798773
0.63738793,-0.9695846,-0.98766816
0.085384905,-0.704592,-0.9623502
0.35845804,0.43516016,-0.92427504
0.58446574,0.32113934,-1.0313544
0.5178454,-0.9773628,-0.9824774
-0.2876383,-0.8777675,-0.5980179
0.3124316,-0.28591958,-1.0228498
0.22072937,-0.8007526,-0.9618433
0.59081817,-0.5227003,-1.0256575
0.08174212,-0.83001,-1.0155871
0.12532593,-0.26866144,-1.0215071
0.3409747,-0.8954261,-1.0211685
0.89125204,-0.34835586,-1.0283306
0.22923139,-0.85863066,-1.0251884
0.88004416,-0.31599486,-1.0272356
0.75699085,-0.94568133,-1.0098897
0.71860003,-0.97062016,-1.0040232
0.17748208,-0.27368376,-1.0214814
0.6043935,-0.8553204,-1.0226687
0.7323127,-0.9450074,-1.0023904
0.8809297,-0.34908926,-1.0282423
0.9032658,-0.35438222,-1.0285382
0.89388967,-0.336273,-1.0287051
0.5345365,0.48756284,-1.0308336
0.88358694,-0.28498825,-1.0293498
0.32505554,-0.8181861,-1.0274634
0.76147425,-0.37301928,-1.0265085
0.8394995,-0.11917508,-1.0294429
0.18667156,-0.78319407,-1.0238832
0.8775341,-0.31493586,-1.0271987
0.8866294,-0.29551458,-1.0292432
0.65884876,0.22946629,-1.0320458
0.6182936,0.3282978,-1.0317138
0.36179787,0.70012873,-1.0287468
0.83836305,-0.14276992,-1.0303911
0.36204597,0.6999429,-1.0287498
0.4154773,0.64451903,-1.0296501
0.34137395,0.7190212,-1.0283511
0.3668139,0.695687,-1.028823
0.25749147,0.5339866,-1.0213761
0.65353173,0.23469687,-1.0320203
0.2385047,0.49589825,-1.0252806
0.8283196,0.02036292,-1.0213643
0.60780585,0.35919008,-1.0308163
0.34623346,0.71688294,-1.0283204
0.3278697,0.7276395,-1.0279013
0.49572498,0.53409547,-1.0306644
0.58896756,0.2635351,-1.0315838
0.36590827,0.82086706,-1.0120249
0.012471061,0.95991915,0.50233406
0.66812754,0.889627,-0.93980676
0.61313057,0.9244206,0.5092335
0.5801418,0.9787168,0.93816864
-0.22532433,0.93471795,0.94153583
0.2810656,0.9707541,0.6123032
0.01457197,0.49872267,0.511244
-0.34300685,-0.3459811,1.0252651
0.42676616,0.48350343,1.0034182
-0.17678893,0.4012973,1.0064516
-0.111968175,-0.89662004,-0.93246776
-0.18315978,-0.8081596,0.90219057
0.45749044,0.03843451,0.72886056
-0.49826348,-0.91443324,-0.345655
-0.62307656,-0.93334836,-0.56960034
-0.5133123,-0.9614926,-0.84040475
-0.3008647,-0.5429521,-1.0132778
0.117975205,-0.7804042,-1.010364
-0.2828807,-0.9112773,-0.5468353
0.65952855,-0.9001361,-1.0119892
0.673402,-0.98012847,-0.9969422
0.64993906,-0.9733689,-0.9787556
0.44197902,-0.29828358,-1.0244229
0.47360057,0.50871426,-1.0304443
0.90088266,-0.34667218,-1.0284266
0.6017413,-0.18932405,-1.0312446
0.89248675,-0.3518176,-1.0283945
0.72124815,0.073708676,-1.0315653
0.49404767,0.5320147,-1.0306716
0.6463781,0.24855027,-1.0319635
0.65317255,0.24481447,-1.0319948
0.64929426,0.22854026,-1.0319273
0.33244178,-0.29030773,-1.0236051
0.5789887,0.40532392,-1.0314515
0.90129226,-0.34502536,-1.0284765
0.8808945,-0.26433083,-1.0288846
0.6438247,0.272083,-1.0318761
0.45735273,0.5941402,-1.0302428
0.48221758,0.5609927,-1.0305464
0.4727534,0.5738338,-1.0304378
0.62896067,0.2733238,-1.0317647
0.46919927,0.5786594,-1.03039
0.45547882,0.80509144,-1.011868
0.4451654,0.633487,-1.0283027
0.44701234,0.836919,-0.976762
0.5891439,0.9700931,-0.26754725
-0.07669485,0.8769964,-0.9797411
0.6864148,0.9328461,-0.40571418
0.5589895,0.97966653,0.21780638
-0.10299611,0.8993075,0.8476961
0.5680477,-0.161792,-1.0311906
0.89545965,-0.3505231,-1.0284086
-0.06733955,-0.6093516,-1.0085393
0.79390156,-0.8093943,-1.0219827
0.90093607,-0.34791267,-1.0283506
0.90314674,-0.3543559,-1.0285456
0.88773865,-0.34952998,-1.0282964
0.9005088,-0.352426,-1.0285206
0.5138057,0.5146617,-1.0309014
0.34615263,0.6547421,-1.0283626
0.9010909,-0.34247482,-1.0283843
0.6555158,0.23270138,-1.0320473
0.89329106,-0.3123607,-1.0285528
0.34390438,0.7172674,-1.0283854
0.34673402,0.71415204,-1.0284425
0.5271342,0.38540885,-1.0258219
0.58028877,0.40739903,-1.0314338
0.8524917,0.9745758,0.41790676
0.6786878,0.9439571,-0.63429
0.0062641124,0.89361006,-0.95721626
0.57352936,0.53073573,-1.0289245
0.60733294,1.0039451,0.94936776
0.20998573,0.9590085,-0.3129999
0.64291763,0.46690693,0.89146906
0.06405409,0.8861803,0.56014395
-0.47255576,0.89479095,0.97190446
0.20403558,0.972812,0.8714479
0.21399745,0.71229655,0.98393816
-0.48868906,-0.032911815,0.7303758
-0.4467484,0.15103021,-0.05152335
0.115282215,-0.12788399,0.26463816
-0.58361495,-0.16953708,1.0311344
-0.52041835,-0.19294617,-0.042263873
-0.38741454,-0.5494241,-0.8098483
-0.35349444,-0.43405667,0.36862394
-0.7876875,-0.90476197,-0.3007484
0.05914245,-0.2843625,0.8926434
0.06424114,0.28154042,0.9923507
-0.8425264,-0.89746207,-0.55827445
-0.29223636,-0.6084218,-1.0168332
-0.075272806,-0.8816556,-0.8482809
-0.65171844,-0.8994517,-0.37226284
0.10659932,-0.9139666,-0.977049
0.34016684,-0.946942,-0.92927814
-0.6951937,-0.9781728,-0.5821831
-0.49588743,-0.9839774,-0.9624558
0.041685503,-0.97109884,-0.9374983
-0.17355514,-0.70772576,-0.94483054
-0.07048445,-0.7301224,-0.9735128
0.8781858,-0.32994276,-1.0286297
0.1493533,-0.9090588,-1.0022967
0.6258515,-0.25841576,-1.0201933
0.6047514,-0.92411745,-1.0175552
0.5546499,-0.96672904,-0.9746012
0.718587,-0.32531986,-1.0265166
0.57307315,-0.95616907,-1.0128839
0.8227473,-0.4287874,-1.0265756
0.6561505,-0.31692243,-1.0260652
0.86380386,-0.34485492,-1.0280577
0.6517516,0.27488855,-1.0315776
0.89239526,-0.2985258,-1.028101
0.657224,0.23251401,-1.0320452
0.65925664,0.21576607,-1.0320154
0.8882185,-0.30220768,-1.0290986
0.8949418,-0.3244509,-1.0289091
0.80362386,-0.33233264,-1.0274693
0.43889976,0.6183691,-1.0299256
0.90107185,-0.3427536,-1.0284677
0.61540264,0.32916352,-1.0317724
0.8520712,-0.19039248,-1.0285978
0.7133088,0.14077206,-1.0317384
0.55483776,0.41006386,-1.0313009
0.7065816,0.14093737,-1.0310283
0.35443476,0.7397953,-1.0263447
0.25921142,0.75622815,-1.0256822
0.86538094,-0.2080413,-1.0289643
0.37329608,0.74332535,-1.0251309
0.3245708,0.7419655,-1.027018
0.8468957,0.96754056,0.19111834
0.64240885,0.92174983,-0.54856884
0.68294346,1.0060967,0.955155
-0.0501308,0.9940245,0.8173846
0.85980254,0.97426236,0.407074
0.6652836,1.0079048,0.96975976
0.45932293,1.0052582,0.97587794
0.32549965,0.7354662,1.0210755
-0.3820875,0.34821406,0.9262607
0.45446634,0.9304945,0.7425995
-0.25045395,0.6156403,1.0254779
-0.50052875,0.64228666,0.6862371
0.4293446,0.10129655,0.7391825
-0.18961102,0.5570225,0.9196196
-0.25800142,-0.4542765,-0.9635838
-0.42222932,-0.58802676,0.6770844
-0.79635173,-0.7543845,0.7249965
-0.16321895,-0.9274731,-0.7507106
0.26107585,-0.950548,-0.8926612
-0.6467622,-0.646158,-0.8964509
0.41005853,-0.91301584,-0.9841578
0.1546839,-0.95463175,-0.88769156
0.40852347,-0.74224615,-1.0164733
0.27474844,-0.9643251,-0.98725116
0.026480354,-0.8735301,-0.99712795
0.5679098,-0.74657434,-1.0220305
0.38327852,0.74929255,-1.0233097
0.854314,-0.22163682,-1.0285127
0.88544667,-0.4298685,-1.0276239
0.35745382,-0.26441127,-1.0234652
0.3490457,0.7186076,-1.0270437
0.08523988,-0.7642224,-1.0156254
0.2566284,-0.24972226,-1.0209037
0.48911056,0.66627043,-1.0236269
-0.05780171,-0.7175542,-0.99712676
0.7121454,-0.010837788,-1.0047414
0.23302643,-0.8609884,-1.0161957
-0.6519417,-0.91305137,-0.49999255
-0.67759126,-0.8612008,-0.45598668
-0.153117,-0.48912024,-1.0200447
0.10890262,-0.7365109,-0.9695555
-0.67490625,-0.90081215,-0.34711683
0.66683966,0.23279937,-1.0317911
0.49915957,-0.42647827,-1.0302457
0.8943187,-0.32927325,-1.0286151
0.15426846,-0.83114916,-1.0225774
0.844439,-0.3407653,-1.0277891
0.5428467,0.46778437,-1.0311872
0.8810466,-0.27304476,-1.0284597
0.8979384,-0.3374309,-1.0285769
0.8900775,-0.3116094,-1.0289257
0.30406842,-0.726356,-1.0272783
0.8752273,-0.3545679,-1.0262496
0.7736144,0.02266924,-1.0309154
0.85598516,-0.200782,-1.0299032
-0.029683605,-0.06416367,-0.99757427
0.7889539,0.023857396,-1.0300707
0.33516866,0.7039772,-1.0267693
0.06296852,0.8244167,-1.0119538
0.24751854,-0.238419,-1.0236111
-0.029981498,-0.71183854,-1.005879
0.47596645,-0.2744924,-1.023631
0.46925807,0.6956814,-0.27750963
-0.05706837,0.8620764,-0.9841734
0.29073063,0.71793145,-1.0269328
0.64325637,0.15237199,-1.0315454
0.35929078,-0.21373427,-0.9672268
0.06373446,-0.021640584,-0.9715996
0.28096697,0.68079054,-1.0244435
0.4254192,0.82417995,-0.3771197
0.28671992,0.62756985,-0.9491821
-0.5705984,0.6977449,-0.61630005
-0.09059024,-0.23872192,-0.7428303
-0.027962146,-0.13263363,-0.9790194
0.2821628,0.03859946,0.4176035
-0.6030716,-0.6565428,-0.9374749
-0.020978104,-0.71330285,-1.0110241
-0.66135293,-0.89460033,-0.31762302
0.6633332,-0.020586917,-0.98286587
0.62424934,-0.9792824,-0.9889147
-0.3880454,-0.9638473,-0.9240314
0.6511396,-0.9131617,-1.0095166
0.64951223,-0.96845734,-0.9989144
0.64322335,-0.9690748,-0.9877068
0.5767687,-0.32937965,-1.0250609
0.8926895,-0.3349484,-1.0286062
0.61214066,-0.96380025,-1.001562
0.8035449,-0.117407426,-1.0121183
0.89331096,-0.35063913,-1.0283892
0.23523502,-0.8735147,-1.0254402
0.16818,-0.24427955,-1.0099317
0.8925644,-0.31953096,-1.0286782
0.25027052,-0.87342834,-1.0252285
0.90138835,-0.35790685,-1.0284592
0.8940796,-0.32259572,-1.0289431
0.90325403,-0.35509226,-1.028536
0.7807792,-0.0012179272,-1.0312698
0.64450413,0.25131735,-1.0319694
0.67971015,0.21130894,-1.0317616
0.822745,-0.08996499,-1.0303891
0.6569198,0.2329313,-1.032048
0.88495153,-0.29228967,-1.0278431
0.36290684,0.69906384,-1.0287672
0.6448061,0.2611952,-1.0319757
0.7598939,0.041843634,-1.0312332
0.3959919,0.6672469,-1.029254
0.5430035,0.46694583,-1.0311927
0.48789403,0.70665574,-1.0271522
0.33994856,0.7198545,-1.0283139
0.6419236,0.25386697,-1.0319256
0.3538173,0.5383455,-1.0221828
0.4395011,0.474316,-1.0306088
0.55320346,0.90017706,-0.72230357
0.18044326,0.8664346,-0.994345
0.80542594,0.9579598,0.2896525
0.69932693,1.0021209,0.90656614
0.20389482,0.9995084,0.98318696
-0.067406125,1.0007998,0.98692155
0.72683597,0.9894993,0.84208006
-0.06618463,0.83335584,1.0149685
0.46572858,0.991512,0.96871126
-0.6288186,0.97219694,1.002633
0.6038312,0.8833285,0.7892812
-0.32696128,0.58068573,1.0266443
-0.32620174,0.78481275,0.9247806
0.4083192,0.2434327,0.8693893
-0.0027622988,0.5344854,1.0232396
-0.6874271,-0.20347442,-0.7405653
0.06872184,-0.092201404,0.8787922
-0.6688068,-0.6723615,1.0073972
-0.5741056,-0.5674736,1.02539
-0.7587329,-0.9350377,-0.40919185
-0.40218332,-0.884282,0.51951945
0.1876074,-0.8981137,-0.64290303
-0.35075822,-0.75999784,-1.0149078
0.035470888,-0.85334826,-0.99959093
-0.026141752,-0.57907224,-1.0136542
0.23474583,-0.4522655,-0.652474
0.48582852,-0.9228907,-0.9415473
-0.12168939,-0.8313521,-0.6972869
0.20301741,-0.756481,-0.96685374
-0.31641206,-0.90587234,-0.96169215
0.33989584,-0.9540168,-0.8957437
-0.097480804,-0.91320336,-0.98875165
0.6749579,-0.97540134,-1.000692
-0.09526583,-0.8745545,-0.9776377
0.847681,-0.3442393,-1.0274113
0.8507743,-0.3511283,-1.0278529
0.23980735,-0.8743916,-1.0254009
0.5193503,-0.24099047,-1.0215029
0.8719059,-0.29493707,-1.0290086
0.20438398,-0.8278891,-1.0178653
0.7476699,-0.24644712,-1.0228932
0.9031404,-0.35594904,-1.0285382
0.8920598,-0.3517581,-1.0283955
0.5119633,0.5033769,-1.0307251
0.8735412,-0.34794384,-1.0281634
0.6729757,0.2070489,-1.031987
0.6665094,0.21803097,-1.032001
0.64519936,0.2545301,-1.0319648
0.89685774,-0.33022684,-1.028785
0.6177407,0.07620846,-1.0317665
0.5291145,0.4634907,-1.0309608
0.61829007,0.30772224,-1.0316104
0.34746036,0.72776043,-1.0276101
0.57620704,0.8247163,-1.0114344
0.69487697,0.9328359,0.03742372
0.6163439,0.25966913,-1.022045
0.6193528,0.44767937,-1.0265307
0.7214105,0.890388,-0.9575301
0.20466192,0.08388974,-0.97168607
0.28335068,0.6025951,-1.0268689
0.63824403,0.76514983,-1.0043736
0.702443,0.93037623,-0.5469022
-0.0043608323,-0.0016550596,-0.8438264
-0.110627756,0.3333554,0.025458543
0.22635196,0.9352492,0.7279895
0.12188969,0.5095274,0.9451481
0.23809147,0.09965995,0.5880879
-0.53064305,-0.78332996,0.6890365
-0.67566323,-0.8613807,0.86974496
0.3194994,-0.96068555,-0.92265755
-0.19318925,-0.9872019,-0.9631336
-0.14717993,-0.9290247,-0.7968448
5.7450707e-05,-0.4254641,-1.0215856
0.19947675,-0.8273037,-1.0192549
0.5619157,-0.96739787,-0.9577768
0.85719395,-0.28434363,-1.0260341
0.7934338,-0.90064424,-1.0158064
0.8894573,-0.47858575,-1.027569
0.31525114,-0.28777012,-1.0233905
0.88225895,-0.23744805,-1.026898
0.25645515,-0.8105263,-1.026061
0.47622967,-0.2890298,-1.0241051
0.57201344,-0.15614295,-1.0314332
0.8891159,-0.35133126,-1.0283514
0.6199981,0.3176885,-1.0318121
0.8967412,-0.35314813,-1.028453
0.8711924,-0.2452081,-1.0297222
0.8660221,-0.1896447,-1.0281202
0.659515,0.22915617,-1.0320355
0.6453608,0.2640149,-1.0319366
0.35309634,0.7084403,-1.0285754
0.3822968,0.67993593,-1.0291117
0.5212301,0.50368446,-1.0309738
0.45529586,0.5941483,-1.0301721
0.50903016,0.44715744,-1.0300205
0.35355544,0.70906985,-1.0282418
0.55852807,0.81929994,-1.0126866
0.69188315,0.937949,-0.5282196
0.1687392,0.7928012,-0.94178677
0.7676898,0.9645151,0.41619658
-0.12270332,0.17138809,0.2010043
-0.3633832,0.8198379,0.9605632
0.07163985,0.6344567,0.7581326
0.22976299,-0.02329764,0.50233984
-0.042423267,0.25031313,-0.76847464
0.18282911,0.58554906,-1.026906
0.12536308,-0.25009188,0.25176898
-0.80959666,-0.94355047,-0.3082749
-0.4962874,-0.7843933,-0.32087654
0.18943104,0.23625018,0.9269603
-0.9129199,-0.8260335,0.28224835
0.5365255,-0.8583569,-0.9888969
-0.4067321,-0.95487607,-0.86321765
0.2961857,-0.5742074,-1.0140622
0.69187814,-0.58916223,-0.9974338
0.8255085,-0.65974146,-1.022529
0.5789749,-0.5348372,-1.0229272
0.32938173,-0.8493184,-1.0247847
0.87344915,-0.27998602,-1.0257239
0.72403944,-0.97169435,-1.0038956
0.8736229,-0.36834255,-1.0279771
0.8707966,-0.3299829,-1.0278082
0.90090936,-0.36395997,-1.0283734
0.8931335,-0.39455944,-1.0278748
0.8812767,-0.3494012,-1.0282545
0.39759564,0.67012537,-1.0288988
0.38374025,0.57245976,-1.0291207
0.89128876,-0.35006908,-1.028363
0.64672095,0.13609491,-1.0319061
0.89818853,-0.3480942,-1.0285674
0.340088,0.7199245,-1.0283272
0.39407063,0.6676276,-1.0293097
0.4718742,0.13669567,-1.0312668
0.4727955,0.5737563,-1.0304376
0.3891682,0.55681,-1.0275791
0.35259303,0.7090188,-1.0282261
0.35044444,0.721579,-1.0278947
0.19121936,0.58365357,-1.0158337
0.740949,0.9114385,-0.87243384
0.8614562,0.97719926,0.46802646
0.46874312,0.9739952,-0.2965549
0.65884227,0.9483624,0.44736603
0.60698664,0.97982204,0.988832
-0.63878834,0.95624393,0.9862463
0.23054118,0.5642927,1.0179052
-0.5700424,0.5671953,1.0230433
0.0037387738,0.43892208,1.0183576
-0.4778238,-0.6403432,0.8788231
-0.6400376,0.02578724,1.01854
0.31906593,0.002786699,0.9212439
-0.34106797,-0.108761996,0.082843035
-0.7595203,-0.9079643,-0.4047295
0.15419479,-0.47240725,-0.98302203
0.33202228,0.044967238,0.6518114
0.297952,-0.9118367,-0.69013935
-0.19698049,-0.903462,-0.8805772
0.35838002,-0.2946715,-1.0203791
-0.059740238,-0.67963105,-1.0051548
0.8678309,-0.57561994,-1.0262233
0.70690024,-0.9823047,-0.9986647
-0.12236054,-0.50104535,-0.9905071
0.8210592,-0.7532187,-1.0227234
0.7133823,-0.9830029,-0.99901396
0.87595195,-0.47228554,-1.0273786
0.9009277,-0.3659249,-1.0284451
0.9031009,-0.3545925,-1.0285379
0.8986578,-0.33680183,-1.0287331
0.8733031,-0.25122893,-1.029668
0.67847586,0.19958846,-1.0319449
0.88781184,-0.29875445,-1.0291749
0.3564515,0.7117545,-1.0283366
0.2758931,0.68235797,-1.0263503
0.8996189,-0.33849856,-1.0283368
0.39029112,0.7024463,-1.0277579
0.2864715,0.67146474,-1.0246087
0.4361415,0.82424057,-0.99493057
-0.06418355,0.86617863,-0.9940258
0.011884582,0.20143043,-0.63702494
0.6407899,0.8955647,0.31414387
-0.5214875,0.9846177,0.9953151
0.616008,0.83824784,0.9133869
-0.14826024,-0.6713014,-0.25722513
0.09875068,0.703185,0.93325007
0.3307809,0.55678856,1.0209678
-0.34712982,0.26736063,0.23719575
0.36929986,0.22774367,0.9178782
-0.548362,-0.4452591,-0.8886411
-0.62984043,-0.695039,0.5485238
0.6213779,0.83015853,-0.65305144
-0.33821627,-0.57643396,-0.9063927
0.7216528,-0.75713855,-1.0217277
0.16604172,-0.7058328,-0.98801535
0.44974732,-0.9193513,-0.8612841
0.78688544,-0.3908051,-1.0270312
0.077846855,-0.77969104,-1.0167862
-0.27093014,0.06455442,-0.9510274
0.7829342,-0.0011124611,-1.0287305
0.19908866,-0.82541186,-1.0202368
0.89475304,-0.40062457,-1.028118
0.87757164,-0.57106763,-1.0265115
0.44593856,-0.5563809,-1.0285454
0.88757926,-0.35373837,-1.0282449
0.46637893,-0.93236727,-1.0200335
0.8842024,-0.4696267,-1.0274193
0.8015245,-0.3364024,-1.0273645
0.42681506,-0.70305645,-1.0285887
0.8925031,-0.33595616,-1.0284965
0.6582474,0.22055265,-1.0319344
0.9030131,-0.3543517,-1.0285426
0.62108064,0.32562676,-1.0316765
0.88916624,-0.29893577,-1.0289019
0.46840686,0.5797904,-1.0303595
0.33998933,0.7202879,-1.0283221
0.34711817,0.7138868,-1.0284204
0.38501614,0.5277809,-1.0271606
-0.0014776019,0.20625037,-1.030748
0.7277936,0.9414073,-0.28658614
0.41652453,0.8031724,-1.0163311
0.48121947,0.7946359,-1.0184482
0.8088956,0.9874491,0.6751366
0.8654597,0.9775035,0.4788536
0.6788995,0.99314594,0.76289105
0.20113361,0.9633579,0.7478849
-0.1724233,0.76983106,-0.99432456
0.5320568,0.93805605,0.5743525
0.4814759,0.9192463,1.0110387
-0.42893174,0.75885034,0.9650577
0.05144082,0.08595808,0.4562708
0.11810103,0.1823704,0.838168
0.47148505,0.13391665,0.8805264
-0.3474054,-0.36689264,-0.68715996
-0.8557511,-0.9419695,-0.500084
-0.040179472,0.060283836,0.59730256
-0.011682835,0.15841867,0.36404994
0.63563114,-0.060546447,-0.9802938
-0.014406354,-0.8693947,-0.9867936
0.60442287,-0.96966624,-0.9744674
0.1698032,-0.9736623,-0.9620629
-0.067428015,-0.9709742,-0.94759625
0.3558403,-0.93547416,-0.806057
-0.008019996,-0.62877095,-1.0137166
0.460732,-0.9316662,-0.99997145
0.07944172,-0.3238256,-1.0220124
0.5855427,-0.03540075,-1.031346
0.7339629,-0.9640816,-1.0037434
0.8994447,-0.35342732,-1.0284618
0.7161599,0.1329362,-1.0317568
0.25533053,-0.879549,-1.0254748
0.8594693,-0.22395682,-1.0231544
0.88797957,-0.3510697,-1.0283412
0.6904748,0.112875946,-1.0317883
0.89045125,-0.35171998,-1.0283725
0.4500971,0.6178748,-1.0292864
0.6614753,0.2532413,-1.0316747
0.520559,0.48880038,-1.0309492
0.8976752,-0.33491957,-1.0282053
0.29962894,-0.28111792,-1.0236387
0.34445527,0.7162069,-1.0284144
0.6115546,0.3470643,-1.0315816
0.63682526,0.32124525,-1.0312595
0.6479033,0.25463632,-1.0319958
0.4022721,0.65612936,-1.0293977
0.65188056,0.24221136,-1.0319573
0.4090628,0.6512363,-1.0295454
0.34698036,0.7162425,-1.0283183
0.49176016,0.5100622,-1.02949
0.41751373,0.8040346,-1.0083443
0.8664072,0.97642434,0.45224807
0.36531112,0.9707452,0.24699667
0.07815147,0.87805086,-0.842224
0.6773049,0.9976776,0.9305185
-0.36334783,0.99503183,0.98543006
0.79327357,0.9803991,0.72892773
-0.18359807,0.47023788,1.0248408
-0.5077002,0.97276485,1.0012628
-0.22450322,-0.6468137,0.9630495
0.3879236,0.65797627,0.88609755
0.3555295,0.55322415,1.015498
0.15306678,-0.9169375,-0.64630944
-0.2221598,-0.9445664,-0.8584411
-0.013346006,-0.52451473,-0.36971182
-0.49291924,-0.98604417,-0.85946196
-0.54048723,-0.9937732,-0.9595379
-0.31708497,-0.9509669,-0.83556986
-0.13127059,-0.78708816,-1.0050424
0.22215654,-0.86588573,-1.0245043
0.5845267,-0.8754516,-0.99614435
0.742255,-0.9441347,-1.0094624
0.7070861,-0.97996414,-0.99977374
0.6273222,-0.3103639,-1.0257663
0.37388176,0.6890933,-1.0288372
0.5888539,0.4017421,-1.0311197
0.5401197,0.46704277,-1.0311422
0.85294086,-0.29083753,-1.0280902
0.4254482,0.66892517,-1.0286726
0.18708852,0.73036265,-1.0206344
0.41216132,0.69454515,-1.0244497
0.52550244,0.5218826,-0.09624483
-0.16511936,0.6006144,-0.7872045
0.42204306,0.62763935,-1.029638
0.47761697,0.6379117,0.38919714
0.13269028,0.69691485,-0.9696273
0.64339054,0.9187134,-0.13895312
0.1744598,0.4360789,0.9972026
0.09938529,0.51926166,0.84586304
0.38792107,0.5084686,1.0080273
-0.7076787,-0.90307647,-0.2423598
-0.12767164,0.096988246,0.94623846
-0.30394375,-0.9148434,-0.36955398
-0.76936775,-0.9308329,0.52261376
-0.5317559,-0.5362511,-0.96255636
-0.21905722,-0.63401604,0.59132475
0.25099,-0.89172846,-0.8033673
-0.67301923,-0.8801793,0.6944572
0.32282302,-0.90776783,-0.73136306
-0.38835776,-0.9811742,-0.85872835
0.109205656,-0.77231145,-0.9885503
-0.8069463,-0.96039456,-0.4589355
-0.023915958,-0.98494446,-0.96829027
-0.23214889,-0.94214314,-0.8008524
-0.67786694,-0.9024402,-0.42819375
0.6900145,-0.8259966,-1.0175192
0.66861266,-0.9753099,-1.0007452
0.7440032,-0.9459879,-1.0066181
0.85904276,-0.64771247,-1.0254581
0.4438119,-0.5900949,-1.0281461
0.7145938,-0.9787066,-0.9990964
0.8899867,-0.35125652,-1.0283641
0.31048766,-0.8416945,-1.0266849
0.8712738,-0.34486195,-1.0280635
0.66314566,0.2238209,-1.0320169
0.26257026,-0.87267005,-1.0262403
0.9023941,-0.3497305,-1.0284786
0.44910043,0.59368694,-1.0301191
0.9027077,-0.35465434,-1.0285321
0.87903327,-0.26973578,-1.029491
0.63610697,0.28246266,-1.031922
0.6418461,0.26912203,-1.0319583
0.65494156,0.24101713,-1.0320014
0.6552852,0.23689398,-1.0320398
0.62033033,0.31783238,-1.0318182
0.34145018,0.71890163,-1.0283546
0.34153903,0.7188282,-1.028356
0.34608662,0.72401226,-1.0279055
0.34316045,0.72256655,-1.028193
0.3776994,0.67589015,-1.0288242
0.4517963,0.9292532,-0.6859283
0.4650155,0.9687502,-0.016159076
0.649981,1.0037048,0.9242749
-0.35650712,0.44991842,-0.65839547
0.094750345,1.0001172,0.94851446
-0.25307176,0.6430161,1.0261533
0.094571926,0.41133437,0.992664
0.054511253,0.50389284,1.0198432
-0.7313766,-0.9045352,0.50818574
-0.14425896,-0.88414115,-0.28991205
-0.74203724,-0.95184255,0.1138516
-0.5837189,-0.8397867,0.42378798
-0.6802275,-0.8407368,-0.83428013
0.07102101,-0.8650212,-0.59215236
-0.5122226,-0.4487572,-0.98937964
0.10126142,-0.8439688,-1.0057727
-0.46565774,-0.8271524,-0.85408926
0.56311214,-0.9534806,-0.9604499
0.7223817,-0.30707416,-1.0261253
0.20867363,-0.8630393,-1.0243117
0.7658451,-0.29608077,-1.0248805
0.7125166,-0.9772515,-1.0018314
0.9003268,-0.3644155,-1.0284386
0.7507618,-0.7664433,-1.0109357
0.90103924,-0.35463992,-1.0285078
0.8900553,-0.32859632,-1.0280302
0.7865047,0.0016098307,-1.0308917
0.90231997,-0.35195926,-1.0285745
0.6345179,0.28534558,-1.0318925
0.8484848,-0.1752886,-1.0302764
0.90322894,-0.35403433,-1.0285525
0.50326216,-0.41020113,-1.030755
0.9011244,-0.34512475,-1.0285734
0.6143724,0.33094,-1.0317743
0.68743384,0.18293753,-1.0319225
0.88846403,-0.30170184,-1.0291752
0.615815,0.32765394,-1.031787
0.36364636,0.69836724,-1.0287809
0.40042776,0.66107297,-1.0294157
0.61756885,0.32381427,-1.0317993
0.35605866,0.7062987,-1.0286164
0.3413991,0.7253203,-1.0279663
0.42725095,0.6287894,-1.0297827
0.799522,0.95738494,-0.0036710957
0.81587833,0.981049,0.46346524
0.44856364,0.9800666,0.60534483
0.66069496,1.007749,0.9626171
-0.45069,0.9944807,0.98592126
0.8629531,0.9775659,0.51939243
0.6546465,1.0072169,0.9670232
0.61987627,1.001842,0.9741375
-0.2763289,0.9857596,0.99261284
0.48435956,1.0045655,0.9785825
-0.49166617,0.97785425,0.99591
0.20019497,0.63552,0.99595314
-0.58695036,0.9370873,1.0074149
-0.72048503,0.38697943,1.0275503
0.013274521,0.47933498,1.024059
-0.68311954,0.039099023,1.0230857
-0.57734925,-0.39692372,1.0309734
-0.7515564,-0.8125313,0.79045784
-0.58807254,-0.8587186,0.93531805
0.03548268,-0.5828502,0.9901637
-0.42676607,-0.42480665,1.0209532
0.6498816,0.28595683,-1.0313908
0.4931605,0.42380974,-1.0287856
0.78384733,-0.2981063,-1.0277432
0.34013975,0.71710736,-1.0282596
0.7639858,0.9491269,-0.1468271
0.77404135,0.96086013,0.09625309
0.30342546,0.7957854,-1.0165327
0.69981974,0.98213565,0.56057054
0.38620672,0.9929647,0.89131796
0.81805235,0.98964393,0.73059195
0.5900758,0.9894663,0.9914235
-0.47349536,0.8180175,0.47826934
-0.35863426,0.9485145,0.97546023
0.5932617,0.9666989,0.7483238
0.29259083,0.60565805,1.0223055
-0.6469536,0.47873145,0.2561807
0.37005234,0.38624498,0.9744225
-0.37793455,-0.55362195,1.0235656
-0.39969227,0.42922863,0.1749719
0.40792277,0.07931307,0.711161
-0.33953327,-0.30484095,1.0037925
0.18959874,0.62038606,-0.98205954
-0.40518034,-0.4376533,-0.828844
-0.4727571,-0.05949799,-0.5946856
-0.4420748,-0.34507495,-0.56793004
-0.745728,-0.8908172,-0.5045744
0.19385277,-0.77338177,0.51561105
0.006993664,-0.6144498,0.866205
-0.81815267,-0.96103173,-0.31301826
-0.36616495,-0.6167511,0.23025268
-0.14723083,-0.8899126,-0.60020906
0.22604324,0.13250957,-0.49383587
-0.1147399,-0.674838,-0.977121
0.425401,-0.77038956,-0.9681781
0.11940217,-0.69976515,-0.9194368
-0.04770965,-0.8788378,-0.9071618
-0.47633517,-0.42963174,-0.9667961
0.0375157,-0.4476883,-1.0191605
0.31854266,-0.9020839,-0.9935534
-0.5151167,-0.4920756,-0.7742484
0.5941827,-0.9810101,-0.9923211
0.6420608,-0.95519274,-0.9947844
0.36819607,-0.8385228,-0.9593025
0.63470596,-0.978182,-0.9955558
0.60751957,-0.36270162,-1.0224754
0.6680358,-0.3163637,-1.0253054
0.8244786,-0.6313031,-1.0248017
0.8347061,-0.7870478,-1.0218639
0.4286043,-0.5587317,-1.0207504
0.89173716,-0.45918745,-1.0277183
0.8947598,-0.35331956,-1.0284259
0.7132761,-0.98293966,-0.9991066
0.8931695,-0.35403332,-1.0283983
0.90074974,-0.3820688,-1.0283568
0.8931758,-0.31342778,-1.0287124
0.9006996,-0.34225023,-1.0285087
0.66828907,0.21855913,-1.0319568
0.82987964,-0.33886853,-1.0276473
0.5977747,0.3672008,-1.031626
0.5687966,0.4215404,-1.0314255
0.6694761,0.30863884,-1.0299236
0.35583052,0.7057663,-1.0286343
0.6255828,0.28189048,-1.0317976
0.73080474,0.103598684,-1.0315934
0.55291444,0.45014542,-1.0312858
0.38482982,0.7423692,-1.0267445
0.3483161,0.70626724,-1.0282853
0.3413641,0.71879625,-1.0282246
0.20192732,0.8152493,-1.0001338
0.45016944,0.79691726,-1.0178039
0.7483015,0.9895256,0.72264695
0.15908924,0.53298986,-0.9604685
0.71162695,0.9668573,0.4940291
0.6110832,0.36830342,0.95971054
-0.33455738,0.63338923,0.7750696
0.5479455,0.8539453,-0.41314328
0.34011817,0.96469635,0.9365708
0.2282239,0.25391483,-0.94749475
-0.5287849,-0.7751567,-0.8535426
-0.10420098,0.1182302,-0.9224035
0.38418072,0.12812942,0.7923791
0.11032184,-0.9058728,-0.72305304
-0.44337076,-0.9926907,-0.92800146
0.1402637,0.1256152,0.72799236
0.2489061,-0.8636388,-0.61710083
-0.6818939,-0.95059705,-0.794236
0.17905763,-0.6531548,-0.93309736
0.14042026,-0.91725016,-0.65158474
0.21362558,-0.6816435,-1.0161573
-0.05307993,-0.7938913,-1.0058401
0.4234547,-0.30127752,-1.0240226
0.17827757,-0.8396686,-1.0216913
0.13198657,-0.92125326,-0.6812341
0.2026792,-0.32013375,-1.0220665
0.6455708,-0.9708692,-1.0077586
0.45668936,-0.33097166,-1.0234407
0.8810621,-0.55028915,-1.026789
0.8191288,-0.84900063,-1.0196699
0.89681363,-0.3530009,-1.0284518
0.72920793,0.110275894,-1.0315197
0.90295875,-0.35470888,-1.028535
0.54688734,-0.26183835,-1.0311884
0.89639235,-0.35299048,-1.0284451
0.64757645,0.25498122,-1.0319937
0.85474616,-0.19341923,-1.0301543
0.9029902,-0.35305735,-1.0285624
0.6583629,0.23016201,-1.0320487
0.79400796,-0.031577643,-1.0311389
0.42151895,0.6388218,-1.0296742
0.59638727,0.36821884,-1.0316463
0.3930675,0.6688808,-1.0292952
0.63228714,0.29108265,-1.0318973
0.6530421,0.2424096,-1.0320258
0.55952996,0.43843687,-1.0313456
0.3413142,0.72093654,-1.0282451
0.22312392,0.76453686,-1.02378
0.36253023,0.7008388,-1.0286623
0.7394239,0.941973,-0.33979297
0.57432014,0.9877353,0.70640635
0.655272,1.0020714,0.96609586
0.64551246,0.26181513,-1.0318744
0.70094657,0.18612424,-1.0314008
0.1727912,0.23331611,-1.0235467
0.85996467,-0.3108088,-1.0292058
0.89442945,-0.3469129,-1.0283614
0.33833268,0.5548274,-1.0282608
0.5419999,0.16157691,-1.0287633
0.8995911,-0.3406309,-1.0286567
0.881333,-0.2790867,-1.0294088
0.1866343,-0.23715383,-1.0187889
0.89647454,-0.3282964,-1.0285566
0.25425136,-0.7938937,-1.0257717
0.87421244,-0.45292556,-1.0260897
0.8889474,-0.3091554,-1.0290668
0.84555554,-0.6303572,-1.0263411
0.87890077,-0.27050647,-1.0294504
0.9024282,-0.35052338,-1.0285647
0.6467443,0.25722635,-1.0319884
0.902926,-0.35208645,-1.0285186
0.58833534,0.38478684,-1.0315686
0.90157855,-0.3479391,-1.0286046
0.6542823,0.2329057,-1.0320326
0.33991298,0.7202768,-1.0283237
0.41992995,0.63790417,-1.0296998
0.50377965,0.525141,-1.0307462
0.2633842,0.75378394,-1.0256652
0.51449156,0.5138157,-1.0308347
0.7477785,0.94014686,-0.37774837
0.3924848,0.9604902,-0.43744156
0.808688,0.9706907,0.3377488
0.8635432,0.9760329,0.4439866
-0.1919353,0.9904133,0.9489375
0.16963804,0.9671832,0.92526084
0.34118417,0.55923885,1.0212121
-0.3373278,0.65915775,0.88137424
0.66329056,0.4058123,0.9185035
-0.82136035,0.27546474,1.0281336
-0.118252374,0.7556695,0.99835604
0.68799835,0.7805802,0.8134464
0.29881793,0.25246948,0.9821678
-0.82463354,-0.9258186,-0.39614066
-0.21305501,-0.62517226,-0.8320106
-0.80767685,-0.9529138,0.1043203
-0.316199,-0.80549717,0.98814845
-0.7907132,-0.9406394,-0.13851003
-0.29438153,-0.67156774,0.47310877
0.28349668,0.030088125,0.7956812
-0.23882101,-0.9105746,-0.5802088
0.12947325,-0.49668127,-1.0206851
-0.10393194,-0.9063681,-0.94111806
-0.17083739,-0.40655378,-1.0011433
-0.18599904,-0.56341183,-0.9341019
-0.36011308,0.014231186,-0.9274411
0.52276367,-0.050726667,-1.0269554
-0.26506162,-0.6657517,-0.9244077
-0.35989344,-0.028387353,-0.9543793
0.49650288,0.8737027,-0.7811608
0.051750608,-0.74189615,-0.82434505
-0.19935068,0.1299103,-0.49326915
0.47091147,0.85162836,-0.921248
-0.22652665,-0.13948186,0.06108108
0.44465715,0.05708858,-0.9679275
0.13184905,0.8734729,0.045479547
-0.3270223,0.015938472,0.33941457
-0.70409197,-0.64686847,-0.5973647
0.13840112,-0.6268762,-0.8000617
-0.4473794,-0.4087787,1.0283754
-0.78907067,-0.9488691,-0.35407734
-0.2473592,0.2963441,0.80064625
-0.16585957,0.1837467,0.84419733
-0.08064381,-0.7870447,-0.96052605
-0.4151455,-0.9126926,-0.5285924
-0.6337843,-0.96128446,-0.9611472
-0.12397783,-0.73130083,0.08820247
-0.6741756,-0.919176,-0.92373025
0.1468611,-0.64285165,-0.6082357
0.43835717,-0.9472393,-0.8912109
-0.24403118,-0.45868587,-1.0144206
0.19935843,-0.7284695,-1.0228554
0.6528583,-0.36880386,-1.0107467
0.31077754,-0.8807402,-1.015509
-0.19270396,-0.9467683,-0.866899
-0.33162603,-0.9478622,-0.95815176
0.67884886,-0.9563553,-1.0068393
0.46879175,-0.93505055,-1.0185406
0.85618514,-0.37383637,-1.0262678
0.893409,-0.35332882,-1.0283959
0.8711586,-0.34532472,-1.0280993
0.84980255,-0.3425841,-1.0278691
0.3324394,0.41062748,-1.02813
0.8849951,-0.29759976,-1.0267426
0.8382672,-0.68061924,-1.0252429
0.7070804,-0.9432454,-1.01254
0.85394514,-0.27721512,-1.0273801
0.3447841,0.7148271,-1.0284158
0.902183,-0.35215697,-1.0285542
0.54090136,0.30123305,-1.0311664
0.6361432,0.27720225,-1.0318319
0.351406,0.71234965,-1.0283426
0.8225211,0.031086128,-1.0210733
0.49710074,0.3929493,-1.0310463
0.42684153,0.7371721,-0.9263928
0.32603174,0.92682856,-0.7244192
0.3143351,0.7980862,-1.0177798
0.23715554,0.718362,0.9425411
0.5465415,0.8923228,0.3458009
0.6533453,0.9993465,0.9099968
-0.49809578,0.79963475,0.024469659
0.6001797,0.97829914,0.6139844
0.014419483,0.55584186,1.0177697
0.13441724,0.36093014,0.9205463
0.03667197,-0.098481245,0.9623781
-0.39564076,-0.8554631,0.55482215
-0.014060132,0.21286438,0.99992865
-0.26393533,0.0899845,0.5269434
-0.45854682,-0.3404184,0.5780314
-0.2125469,-0.91842175,-0.4300691
0.16732046,0.3086338,0.89434147
0.18779325,-0.7832159,-0.46872202
-0.84195584,-0.95962167,-0.37903383
0.48071206,0.56197315,-1.0305239
0.43985566,0.60831356,-1.0299475
0.34767276,0.6857152,-1.0227704
0.36832705,0.69821125,-1.0287043
0.36795864,0.74339914,-1.025271
0.40761963,0.23653217,-1.0194088
0.20422626,-0.2676878,-1.0218618
0.47321996,-0.088120915,-1.0301794
0.35045788,0.21884045,-0.99670297
0.29849276,0.63694435,-1.027299
0.03140528,-0.74284375,-1.0137862
-0.5699603,-0.8942055,-0.8498951
0.6437799,-0.96850973,-0.99227595
0.53423375,-0.9657845,-0.9488136
0.5313127,-0.9780061,-0.98390126
0.069362685,-0.94416845,-0.9454824
0.6655272,-0.38824242,-1.0263801
0.71057796,-0.98278874,-0.9984881
0.88745224,-0.3554821,-1.0282235
0.88971263,-0.3349659,-1.0286162
0.21350522,-0.84844047,-1.024727
0.9019124,-0.35432547,-1.0285155
0.5622767,-0.1785082,-1.0313516
0.7718086,-0.11804435,-1.0142633
0.90132564,-0.35410973,-1.0285155
0.27193823,-0.85538363,-1.0265034
0.19004898,-0.26430586,-1.0215456
0.6284595,0.30046245,-1.0318601
0.8941771,-0.31264624,-1.0284263
0.60572046,0.35120288,-1.0316796
0.8673168,-0.23224314,-1.0298483
0.6581625,0.23052725,-1.0320486
0.37501314,0.6872643,-1.0289857
0.53000456,0.48952812,-1.0310516
0.49234393,0.49554828,-1.0306662
0.8747899,-0.33084422,-1.0281342
0.3469278,0.725504,-1.0279641
0.16992304,0.4752543,-1.0202049
0.8534304,-0.12103875,-1.0251937
0.35844022,0.7402289,-1.0263449
0.31546697,0.4394868,-1.0238467
0.535717,0.89235115,-0.7841593
0.8472391,0.97899145,0.5070999
0.6635939,1.0074865,0.95217484
0.7021093,1.0058793,0.9453816
0.54075754,1.0054826,0.97758216
0.34168884,0.98660827,0.9718928
0.047106102,0.972249,0.98034143
0.40366045,0.9559877,0.9163679
0.2072874,0.97242355,0.9680983
-0.45812505,-0.6766366,1.0056618
-0.5589158,-0.7393129,0.83365214
-0.0326233,-0.68590266,0.8863675
-0.51709384,-0.41738445,1.0295578
-0.70149326,-0.91280043,-0.0481319
-0.7908707,-0.88132614,-0.7698161
0.19617283,-0.3029332,0.24612209
-0.32840076,-0.90424347,-0.47546548
-0.416388,-0.419637,-0.9500885
-0.3774985,-0.91352975,-0.63433695
0.69626296,-0.6510289,-1.0225726
0.15922654,-0.82953334,-1.0219238
0.6377039,-0.96477854,-0.9893827
0.8726164,-0.40402654,-1.0278894
0.17169806,-0.83996946,-1.0231891
0.70117676,-0.15342838,-0.9761726
0.880672,-0.34905773,-1.028258
0.6289383,-0.9611225,-1.0109694
0.4696001,-0.29799008,-1.0243952
0.82070625,-0.092808306,-1.0305886
0.33381987,-0.8186756,-1.0230589
0.89797586,-0.3528146,-1.0284617
0.62136906,0.30349827,-1.0318234
0.83014214,-0.33926332,-1.0276603
0.86541045,-0.2254107,-1.0298123
0.6889916,0.18106383,-1.0319016
0.6227706,0.3120175,-1.0318302
0.8982138,-0.3353737,-1.0287626
0.6591849,0.22950427,-1.0320369
0.56242245,0.43568686,-1.03129
0.5221264,0.50150174,-1.030991
0.34089372,0.7195137,-1.0283365
0.3432918,0.7229611,-1.0281799
0.34993017,0.7115899,-1.0284954
0.3511557,0.72647476,-1.0276654
0.5278278,0.80195403,-1.0198001
0.674381,0.95727843,-0.41785824
0.46719402,0.96744335,-0.36396265
0.41161993,0.8009433,-1.0147842
0.7327357,1.0017825,0.90191436
0.56462663,1.0041118,0.92056185
0.72540087,0.96200466,0.64114577
0.5235505,1.0002965,0.97326714
-0.6368076,0.96576774,0.99630976
0.10239888,0.6388241,1.0252128
-0.5222863,0.9295748,1.0098546
0.07657768,0.42269415,1.0144117
-0.81951725,-0.9464338,0.10283273
-0.23252758,-0.49754804,0.9867968
0.42581546,0.22826222,0.9632105
-0.8730254,-0.958835,-0.22364967
-0.5924345,-0.93586725,-0.610252
-0.71611935,-0.91289854,-0.37457615
-0.7326424,-0.950034,-0.56950927
0.18332063,-0.9029977,-0.6016736
0.010893103,-0.8155879,-0.6894001
0.4298956,-0.28767592,-1.0078381
0.15602212,-0.84522533,-1.015186
-0.0073624244,-0.10975987,-0.9956369
0.74475384,-0.2837728,-1.027729
0.31451485,-0.9078848,-0.73700845
0.6707249,-0.3185586,-1.0261843
-0.12851126,-0.6131407,-1.0010647
0.3803901,-0.9006496,-0.78286225
0.575322,-0.9719457,-0.96978354
0.09890262,-0.9734443,-0.9765197
0.8539544,-0.68852335,-1.0245408
0.71150935,-0.981324,-0.9997609
0.3773563,-0.30795446,-1.0237535
0.613835,0.32002226,-1.0317512
0.6146086,0.35053346,-1.0313878
0.7426264,0.07856858,-1.0315793
0.43804023,0.6058542,-1.029928
0.51534575,0.49827906,-1.0308628
0.8285156,-0.23618002,-1.0300704
0.66688603,0.100406535,-1.0317582
0.36510926,-0.29198146,-1.0238117
0.35341442,0.6976502,-1.0285853
0.71889895,0.10393509,-1.0193995
0.8742027,-0.29519653,-1.0280612
0.35987374,0.6673582,-1.0287055
0.87866986,-0.32801,-1.0286139
0.6582374,-0.6691255,-1.0229814
0.84670883,-0.18630326,-1.0224445
0.6206637,0.21320197,-1.031318
0.54703057,0.09009613,-0.9734314
0.15321182,-0.26305327,-1.0204946
-0.2565708,-0.45770302,-0.94877315
0.11227119,-0.11697501,-1.0145549
-0.14167495,-0.5626502,-0.9879425
0.3359554,-0.45812446,-0.9539125
0.5691246,0.8564748,-0.9426504
-0.016176973,-0.07699033,-0.5990031
0.46584845,0.108403854,-0.97411406
0.36823425,0.34283277,-1.0276158
0.5963322,0.94769394,0.2911386
0.36967587,0.6620106,-0.98051494
0.5726221,0.27743334,0.9228357
-0.09664177,-0.6790236,-0.5691678
-0.5122562,-0.9002683,-0.46444985
0.05442124,-0.9455412,-0.6866508
-0.20752753,0.20250513,0.9877573
-0.08312495,-0.68295234,-0.8468185
0.025165038,-0.0030815841,-0.14414161
-0.017680246,-0.20736554,-0.14674965
-0.32623845,-0.27073118,-0.8524623
-0.100785874,-0.69473135,-0.9938399
-0.7411984,-0.8905002,-0.58042884
-0.36551732,-0.9308851,0.27011076
0.27553383,-0.91868436,-0.71962243
-0.83360606,-0.9764029,-0.6457284
0.2619419,-0.7919215,-1.0109992
0.2368078,-0.9790643,-0.9788788
-0.4612664,-0.74022293,-0.7617598
0.8532075,-0.59258974,-1.02664
0.6821696,-0.97763646,-1.0029368
0.8690639,-0.50722265,-1.0268401
0.49528736,-0.9393074,-1.0179164
0.81964564,-0.83878696,-1.0199617
0.8621393,-0.5711327,-1.0268716
0.89348954,-0.4150861,-1.028038
0.9015642,-0.3541168,-1.0285146
0.6464908,0.24374712,-1.031985
0.8928059,-0.3200648,-1.0275257
0.9027161,-0.3520701,-1.0285782
0.86870724,-0.23626319,-1.0297514
0.8923996,-0.3131672,-1.0289217
0.38764986,0.67517483,-1.0291762
0.56706226,0.42278507,-1.0313987
0.56485045,0.42865536,-1.0313923
0.34874573,0.73086894,-1.027385
0.38653323,0.6744591,-1.0291696
0.654385,0.23903616,-1.0320197
0.63700634,0.27967066,-1.0319126
0.35265693,0.7110413,-1.0284325
0.34478128,0.71604717,-1.0284079
0.5648017,0.9263689,-0.6202589
-0.014133354,0.9053485,-0.9509867
0.5184045,0.8373969,-0.99200195
0.78673756,0.95469266,-0.06511762
0.55911106,1.0056716,0.9617725
0.628497,1.0073338,0.9662525
0.6317147,1.0071777,0.9683079
0.42602462,0.97686887,0.5374479
-0.6283533,0.9573701,0.99656993
-0.30785412,0.8129742,1.0173858
0.006502987,0.63354784,1.0256464
0.25893134,0.96379995,0.91705114
0.18304233,-0.102614164,0.8908583
-0.7754375,-0.92861193,-0.31142876
0.17024249,-0.5292644,-0.31610245
0.3399009,0.024455016,0.9134172
-0.20849189,-0.12637411,0.97046506
-0.023049975,-0.8412554,-0.70490533
-0.63014585,-0.9807069,-0.85442364
-0.45676276,-0.9594629,-0.97769135
-0.4109013,-0.9743685,-0.92962515
-0.19377585,-0.96448624,-0.9417756
0.7277806,-0.9630009,-1.006457
0.6972959,-0.98138773,-0.9951043
0.8832574,-0.409856,-1.0278885
0.5816398,-0.50165313,-1.0286819
0.891046,-0.36669135,-1.0280817
0.818198,-0.8430023,-1.0198122
0.8833059,-0.3405406,-1.0283153
0.33854234,-0.8801296,-1.0250443
0.5183837,-0.95036983,-0.8876471
0.49750358,-0.30331028,-1.0248402
0.8547516,-0.23386928,-1.0282978
0.8694853,-0.18753281,-1.0270224
0.88187057,-0.2788254,-1.0293864
0.67697173,0.22010672,-1.0316911
0.66789913,0.2164506,-1.0319946
0.6634413,0.22261745,-1.0319991
0.4161571,0.64382464,-1.029658
0.35084563,0.7221406,-1.0280284
0.7285334,0.16188563,-1.0303904
0.64253247,0.25073037,-1.0319583
0.6374083,0.22323883,-1.0318702
0.39845178,0.82078975,-1.015831
0.4195456,0.7888602,-1.0188199
0.23601724,0.78228813,-1.0226263
0.34154582,0.7705514,-1.0206345
0.76048714,0.9985923,0.8617194
0.6750234,1.0071863,0.95805883
0.67991084,1.0067817,0.95704895
0.37689802,0.9888302,0.97061574
-0.48365745,0.9917212,1.0025942
-0.013418983,0.9836452,0.9837138
0.10711546,0.5831023,1.0237727
0.7423424,0.10409283,-1.0311968
0.6662089,0.24607702,-1.0314926
0.5391097,0.47588655,-1.0311126
0.5769564,0.36747232,-1.0311646
0.9008816,-0.34614852,-1.0286105
0.6051231,0.2943961,-1.0317683
0.31436777,0.7321143,-1.0275424
0.46700796,0.5511492,-1.0302732
0.5091801,-0.29572257,-1.0246313
0.4245786,0.42812663,-1.0307997
0.53308254,0.89280087,-0.7773401
0.33828756,0.8564902,-1.001183
0.69585645,0.9368497,-0.3487877
0.23826508,0.96925354,0.048031636
0.7718478,0.022078406,-1.0286163
0.38052592,0.9177867,0.11727513
-0.16197748,0.82579404,-0.92004967
-0.13849942,-0.5055174,-0.99545354
-0.047381915,0.62914056,0.33098173
0.53674144,0.90068173,-0.729976
0.44834656,0.94682795,0.4039461
0.4475015,0.1527266,-0.9869314
-0.0035893964,-0.67027193,-0.9846044
-0.1706357,0.2031113,0.9842994
-0.34480017,-0.4439086,-0.62857413
-0.70557535,-0.879266,-0.7309132
0.24018353,-0.7992625,-0.69148195
0.102771804,0.002260603,0.8956126
0.27440554,-0.9084774,-0.6778144
-0.39584136,-0.85855705,-0.8395696
0.49671006,0.056673214,-1.0017372
-0.2714286,-0.57097477,-0.95159775
0.7616472,-0.41315308,-1.0248119
0.2812854,0.41402817,-0.9522731
0.18580341,-0.25007063,-1.0204248
0.71397716,-0.8654398,-1.0211653
-0.5073874,-0.59401083,-0.7999812
0.7913837,0.0038946045,-1.0208918
0.39472887,0.49460953,-1.0291561
-0.3925635,-0.7959536,-0.65087867
0.5981081,-0.3068021,-1.025526
-0.14144662,-0.5909051,-0.9970775
0.4233137,-0.92942697,-0.7806746
0.8342767,-0.5388624,-1.0261668
0.6264055,-0.9668785,-1.0069767
0.28511813,-0.37881738,-1.0217271
0.8894168,-0.43767777,-1.0277495
0.67379016,-0.97958827,-0.9911518
0.53440535,-0.29947284,-1.0248293
0.8130819,-0.003075858,-1.0255655
0.8043038,0.084000185,-1.0199796
0.80460703,-0.83447474,-1.0173833
0.8021817,-0.33199304,-1.0274361
0.5341654,0.1159612,-1.0309314
0.8994102,-0.34170124,-1.0282393
0.81104803,-0.3294352,-1.0275632
0.54190266,0.39551315,-1.031008
0.6234706,-0.96558285,-1.0062087
0.60702753,0.35139474,-1.0316368
0.32850915,0.57896316,-1.0276642
0.82665026,-0.11209809,-1.0300491
0.8899373,-0.3230004,-1.0288452
0.7348831,-0.26493537,-1.0268155
0.3637525,0.6923618,-1.0286944
0.37551385,0.6589912,-1.0285361
0.48735875,0.8744341,-0.87306356
0.7214362,0.9576994,0.03706333
0.27402505,0.58328944,-1.0220826
-0.13274424,-0.024944426,-0.98815477
0.57128096,0.5380204,-0.34870362
0.103564195,-0.27336606,-0.79252666
-0.043955564,-0.13661306,-0.97484887
0.061899647,-0.17510861,-1.00749
0.30369425,0.922903,-0.14109467
-0.056379836,-0.19350293,-0.82361466
0.49541408,-0.8742865,-0.9792271
-0.42533392,0.023383109,0.8034861
0.69345224,-0.73850006,0.0007517537
-1.0552683,-0.29439843,-0.4870243
-1.1346307,-0.33780742,-0.94433296
-0.46481127,-0.88215774,-0.93102926
-0.49091214,-0.55857986,-1.006148
0.58712626,-0.39135683,-0.09005811
0.22573563,-0.8997304,-0.8007823
0.56446695,-0.56409943,-1.0248759
0.64699805,-0.8482627,-0.88420063
0.016395826,-0.6700141,-1.0072685
1.7618905,-0.979493,-0.9952727
-0.44989732,-0.78051627,-0.99828684
1.525426,-0.97414696,-0.9807767
1.6759405,-0.977718,-0.9969899
1.0482887,-0.7615226,-1.0108292
1.8999842,-0.89748114,-1.0111634
0.37980655,-0.9344353,-0.99893
0.76584136,-0.92690283,-1.0126762
0.72583336,-0.6538092,-1.0201553
0.89332956,-0.34487814,-1.0284032
0.3587587,0.5192759,-1.0286386
0.8954859,-0.32290086,-1.0279375
0.9031199,-0.35390136,-1.0285494
0.6705093,-0.38435197,-1.0302777
0.89186007,-0.3158452,-1.0276244
0.5756422,-0.4699966,-1.0292677
0.8894897,-0.3124222,-1.0287677
0.4227635,-0.092941925,-1.0219281
-0.060178187,-0.39344952,-1.0093248
0.88596797,-0.30713907,-1.028014
0.0049737454,-0.77254707,-1.0102332
0.17969841,-0.2406931,-1.019932
-0.059664533,-0.49045423,-1.009325
0.2743999,-0.2854579,-1.0230874
0.3632524,0.6978574,-1.0282078
0.36695805,-0.8652245,-0.9288908
0.8527733,-0.24583928,-1.0244884
0.8906145,-0.34048238,-1.0285239
0.005376452,-0.5596207,-1.0030107
0.7671967,-0.866548,-1.0096452
-0.06317859,-0.84207296,-0.99933696
0.5788881,-0.95317703,-0.9926188
-0.0062620034,-0.9585552,-0.9105938
0.4339629,0.61986375,-1.0298702
0.40316832,0.6673751,-1.0284739
0.3749359,0.75901467,-1.0235236
0.7275225,-0.11335678,-1.0273371
0.459784,0.8651993,-0.9611
0.38243866,0.66676974,-1.0280362
0.86204183,0.97471195,0.41727996
0.367971,0.8710622,-0.99066895
0.24079236,0.9319375,0.2526007
0.19578119,0.72760046,-1.0158907
0.8646539,0.9758953,0.47951245
0.55568624,0.99226415,0.892884
-0.5491814,0.26677266,-0.4874283
-0.033890694,0.9134217,0.2407184
0.3281147,0.77033234,1.0038452
-0.20662133,0.6824258,-0.86896515
-0.052013364,0.7922348,-0.9029764
-0.20168148,0.73471695,0.9133122
-0.19218688,0.46802408,1.0188956
-0.16609164,-0.21913432,0.95964277
-0.03939577,0.07740914,0.5512028
-0.7643513,-0.97368026,-0.40090925
-0.7496924,-0.976281,-0.32617378
0.44415578,-0.9594937,-0.9054501
-0.76908195,-0.9613781,-0.507893
-0.18428496,-0.9856023,-0.9041042
-0.09476343,-0.9583782,-0.8918061
-0.23801416,-0.88276714,-0.9976126
0.4630185,-0.97936124,-0.98637897
0.24056184,-0.9742158,-0.9705342
0.67258036,-0.97895795,-0.9981586
0.7297134,-0.9659237,-1.0046256
0.7505163,-0.938044,-1.0106739
0.9003542,-0.3565447,-1.0284988
0.88259584,-0.5387543,-1.0269976
0.89902794,-0.3384717,-1.0287117
0.65113825,0.24193497,-1.0320151
0.90088654,-0.34542668,-1.0286541
0.8972319,-0.33717632,-1.0287793
0.9026861,-0.3541374,-1.0285386
0.23876789,-0.8700336,-1.0255812
0.9027482,-0.3543519,-1.0285277
0.64681274,0.257379,-1.031989
0.6577113,0.23124813,-1.0320456
0.8849908,-0.31668124,-1.0273312
0.690443,0.17799078,-1.0318536
0.5504099,0.45366645,-1.0312614
0.4716702,0.6297003,-1.0264635
0.34066713,0.7196046,-1.0283389
0.65493876,0.18007314,-1.0318372
0.6379121,0.2684702,-1.0319226
0.33137769,0.7281421,-1.0278565
0.3434641,0.72297496,-1.0281742
0.36774224,0.8137628,-1.0078377
0.33017504,0.6676133,-1.0259567
0.8574516,0.9734023,0.37841105
0.57991177,1.0004247,0.8580457
0.27906352,0.8451369,-0.9642093
0.63065064,0.98235863,0.9193174
0.047198504,0.96840745,0.6285522
0.5319917,0.37105966,0.7258967
0.4683462,0.9250063,-0.51783055
0.0061842,0.6094452,0.8625203
0.33572358,0.18729694,0.8492561
-0.10558237,0.68797624,0.94770426
-0.13945305,0.81115574,0.051333196
-0.19777991,0.82072383,0.55765706
-0.7255002,0.50354326,1.0263518
-0.31271335,0.2681931,1.0184561
-0.75676996,0.020295344,1.030735
-0.36845118,-0.56609106,1.0058776
-0.63846654,0.14145015,1.0127108
-0.019358605,0.40701532,0.98782754
-0.5669999,-0.9613907,-0.3148321
-0.469911,-0.4573051,0.39430758
-0.24625225,-0.45085442,-0.98856086
0.28713205,-0.8121311,-0.541437
-0.635754,-0.29213917,-0.92919827
0.82787013,-0.28773856,-1.0247821
-0.17225666,-0.7551252,-0.9920624
0.45469585,0.31548792,-0.9595845
0.3342804,0.5416209,-0.9898574
0.58994645,-0.95665634,-0.9660961
-0.6545239,-0.8092037,-0.5527663
0.7919465,-0.05649242,-1.0235202
0.05972685,-0.7927649,-1.0105332
0.65989244,-0.5295877,-1.0268475
0.3207487,-0.7878747,-1.0277283
0.60664326,-0.44099706,-0.9714451
0.858432,-0.21514997,-1.0283549
0.8635393,-0.14308213,-1.0251348
0.48183775,-0.30062285,-1.0247353
0.85233897,-0.31963125,-1.0282286
0.859284,-0.34401593,-1.02762
0.8358005,-0.12562168,-1.0301002
0.61648595,0.3326701,-1.0316548
0.43535128,0.62671506,-1.0296218
0.77878815,0.029673375,-1.0301158
0.62915164,0.23961598,-1.030567
0.48365596,-0.060813826,-1.0299286
-0.14057997,-0.5957317,-0.9999985
0.47643095,0.60675234,-1.0265676
0.8517583,-0.2990781,-1.0273166
0.64535993,0.54094374,-1.0115558
0.61763215,0.2722114,-1.031681
0.5607294,0.4320339,-1.0313126
-0.119860016,-0.46029732,-1.0025511
0.19261132,-0.778392,-1.0226728
-0.015124153,-0.38625154,-1.0216455
0.17397672,-0.79884744,-1.0230963
-0.010611152,-0.13950907,-1.009056
0.30541617,0.6315846,-1.0275103
-0.06425269,-0.77446353,-0.9669772
-0.16373193,-0.3235363,-1.0125114
0.48497823,0.8718921,-0.8033896
0.40718785,0.77722937,0.69628155
0.015017986,0.70149744,-1.0023884
-0.013964781,-0.063307635,-0.9867216
-0.30919328,-0.4970591,-0.91213524
-0.10282471,-0.7502234,-0.94296217
0.3749381,0.6948624,-1.0280589
0.40209672,0.6586898,-1.0294338
0.61814964,0.31223992,-1.0312865
0.12796311,0.88142323,-0.9791142
0.04313769,0.84242964,-1.0084913
0.7884528,0.9561939,-0.0071088984
0.7252432,1.0036615,0.92313427
0.011257467,0.98372334,0.57459015
0.09260978,0.25960934,0.19350903
0.19678397,0.5816499,0.5236287
0.5117931,0.4091051,0.98192674
0.5672236,0.9002078,-0.34762725
-0.38235918,-0.29973075,-0.8002008
-0.2913046,-0.5685626,-1.0206835
0.40642533,0.7007981,-1.0273675
-0.20661317,0.13420494,-0.9317901
0.09484303,0.814218,-1.0147913
-0.10955205,0.44421396,-0.98908424
0.4005761,0.33720243,0.9551892
0.2104289,0.1416834,0.71707475
-0.43159008,-0.8869583,-0.56882167
-0.10140525,-0.5142195,-0.9875523
0.23013687,-0.32059184,-0.5206708
-0.6004985,-0.9365098,-0.6147373
0.6185997,-0.9700274,-0.9657481
-0.75928926,-0.93101466,-0.44239888
-0.457303,-0.6211572,-0.9308187
0.0876805,-0.96683055,-0.9664039
0.6253343,-0.97346133,-0.98092467
-0.17704566,-0.5168205,-1.0200852
0.7981811,-0.33081967,-1.0249308
0.8446951,-0.43938127,-1.0271889
0.8649282,-0.5328176,-1.0267582
0.18912196,-0.6786157,-1.0042926
0.89183706,-0.40890932,-1.0279928
0.78723705,-0.88400483,-1.0178535
0.14234206,-0.27807626,-1.0221814
0.45466012,0.5909217,-1.0302056
0.80132407,-0.5828549,-1.013654
0.7516652,0.06252699,-1.0315359
0.5456477,0.21445224,-1.0311345
0.89423054,-0.32188457,-1.0288304
0.6869644,0.17717355,-1.0319111
0.7789317,-0.32881132,-1.0270723
0.39369738,0.66828,-1.0293045
0.53931266,0.042856354,-1.0311363
0.86830145,-0.2281346,-1.0293896
0.5909739,0.37909338,-1.0316044
0.6384939,0.2776002,-1.0319273
0.65085024,0.24727751,-1.0320107
0.61646265,0.32680112,-1.0317656
0.34071884,0.7195878,-1.0283363
0.60334265,0.34249634,-1.0316641
0.38700518,0.69359773,-1.0281276
0.5694037,0.89109373,-0.8538379
0.078399815,0.8505421,-1.0036815
0.7699842,0.9349842,-0.4026518
0.85407615,0.9817254,0.56605244
0.69372576,1.0069745,0.95420355
0.67200655,0.98944443,0.8747534
0.61866117,1.0044612,0.9632247
-0.13456202,0.98631614,0.96120566
-0.35782966,0.48114738,0.95384985
-0.5282788,-0.43553114,1.0217354
-0.3761646,-0.10694246,1.0059249
-0.40601242,-0.6851173,1.0268695
0.15831631,0.2813859,0.9737271
0.028594116,-0.821851,-0.88408804
-0.05885006,-0.98131055,-0.9660146
-0.2650088,-0.7589378,0.058355954
-0.38970345,-0.95574856,-0.91516626
-0.38658074,-0.92687285,-0.9489357
0.36518723,-0.2817037,-0.9854711
-0.005082349,-0.7991173,-0.8843137
0.3087467,-0.02904704,-0.95672
0.08273727,-0.37462217,-1.0202395
-0.05105568,-0.60719115,-0.9820835
0.49008694,-0.8834321,-0.9672136
0.69485605,0.13312635,-1.0086628
0.4986366,-0.9427534,-0.99182266
-0.13892461,-0.22615714,-1.0069315
0.41484407,0.22476572,-1.0290208
0.17625785,-0.84205997,-1.0187804
0.45452598,-0.96618587,-0.9700623
-0.031801727,-0.96713346,-0.9616721
-0.3623159,-0.93807024,-0.9378275
0.41768634,-0.9734597,-0.98300284
0.6167419,-0.97439754,-0.9850749
-0.27237222,-0.9417171,-0.78919524
0.32341278,-0.9688043,-0.9857556
0.15157005,-0.97089845,-0.98076516
0.831445,-0.24665748,-1.0253962
0.284103,-0.8836277,-1.0247566
0.8803685,-0.3133725,-1.0278151
0.49145228,0.54773724,-1.0306447
0.46379516,0.292011,-1.029142
0.19657078,-0.23220116,-1.019406
0.43266115,0.5183152,-1.0297657
0.14467661,-0.25503823,-1.0213583
0.012971841,-0.13349967,-1.015081
-0.0031363987,-0.026025089,-0.95291466
0.800256,-0.14675575,-1.0263021
-0.114764325,-0.5305008,-1.0005894
-0.032756668,-0.10969693,-1.0032144
0.26331472,0.5746246,-1.0130996
-0.33267006,0.13441136,-0.91891795
0.7245522,0.19036344,-1.027608
0.37236023,-0.591578,-0.92936945
0.27102327,0.25190175,-0.9979243
-0.16137235,-0.57018006,-0.9971163
-0.4118178,0.005543239,-0.914915
0.38987616,0.13677035,-1.0276834
0.5036261,-0.24139133,-0.99676853
-0.26766327,-0.60053676,-0.93683624
0.4736783,-0.96441543,-0.9778648
-0.6126109,-0.7923877,-0.7133909
-0.23225175,-0.33312434,-1.0121033
0.21578425,-0.0844128,0.2759148
-0.02631243,-0.7284673,-0.69233596
-0.29603884,-0.41012597,-0.997784
0.8607593,-0.59551024,-1.0244569
0.9007033,-0.35781994,-1.0285035
0.23937654,-0.3934815,-1.0255579
0.4115259,0.59232694,-1.0287336
0.5396861,0.44651723,-1.0311614
0.89778167,-0.35129872,-1.0284258
0.7146065,0.13353911,-1.031777
0.79079014,-0.33158064,-1.0272703
0.40789026,0.6451423,-1.0294785
0.89645743,-0.32675478,-1.0281512
0.55969185,0.43573633,-1.0307493
0.63626784,0.2894586,-1.0318259
-0.053775582,-0.050922383,-1.0037348
0.38018537,0.7531961,-1.0249234
0.35230723,0.8893423,-0.8360438
0.43132868,0.901813,-0.90127945
-0.034120277,0.7050531,-0.9540228
0.7015888,0.8624319,-0.96323985
0.7945956,0.94857717,0.4258646
0.4314317,0.9602982,0.83361316
0.5240816,0.3196715,-0.9717322
0.6935622,0.9786546,0.75982744
-0.20735651,0.96867055,0.7660501
0.50500125,0.9515486,0.67124325
0.33728504,0.2561724,0.9779232
0.43500292,0.8364868,0.6258987
0.13610649,0.014379596,0.855883
-0.38814342,-0.098182395,0.73074627
0.35242122,0.15657905,0.95424455
-0.7719063,-0.7638094,0.11094713
-0.14728983,-0.25269124,0.31744313
-0.63463396,-0.8997469,-0.36391267
-0.72105646,-0.9900556,-0.8505354
0.2980497,0.019176446,0.72880703
-0.08758056,-0.6618467,0.09511557
-0.6625074,-0.91268677,-0.92286676
-0.05277767,-0.473111,-1.0187469
0.14153717,-0.59045416,-0.7848739
-0.10457957,-0.4480599,-0.9131627
0.584288,-0.96932936,-1.0035408
0.46290728,-0.92758244,-0.9006915
-0.13131481,-0.9720499,-0.9646378
0.73480797,0.2992332,-1.0143992
0.40654638,-0.5209125,-1.0287855
0.8029596,-0.5791226,-1.0251211
0.8968599,-0.38472328,-1.0282809
0.5272241,-0.9306169,-1.0191171
0.77891654,-0.8886243,-1.0161812
0.6795272,0.0060478966,-1.0315773
0.7936929,-0.48371574,-1.0286695
0.9032365,-0.35418576,-1.0285372
0.890593,-0.30942562,-1.0290909
0.9012585,-0.3549031,-1.0285026
0.9032869,-0.35432965,-1.028545
0.43991005,-0.5815904,-1.029893
0.88240904,-0.2813797,-1.0293831
0.903346,-0.35431904,-1.0285453
0.72947854,0.10676543,-1.0316932
0.9029099,-0.3543802,-1.0285418
0.57742023,0.40541288,-1.031497
0.35382006,0.70763177,-1.0285965
0.7011331,0.17199539,-1.0316802
0.6555632,0.23621404,-1.0320414
0.6295172,0.29756436,-1.0318781
0.3443566,0.71629393,-1.0284125
0.3425132,0.71795285,-1.0283759
0.6014809,0.31180787,-1.0315558
0.6570271,0.23233138,-1.0320474
0.34471384,0.7174154,-1.028369
0.32841736,0.7297392,-1.0277932
0.80322737,0.08049808,-1.0193849
0.5269856,0.87878335,-0.8722328
0.34463906,0.9741118,0.2859298
0.3981123,0.96373343,0.1257727
0.46408534,0.95037925,-0.29018813
0.8093592,0.9730123,0.56650144
0.5988855,0.9847778,0.98720545
0.28176293,0.9116931,-0.8205923
0.85103804,0.970593,0.37471697
0.62114036,0.9969137,0.7254912
0.12371948,0.90240836,0.20532724
0.30768147,1.0004828,0.9297961
0.5733359,0.969555,0.95357955
-0.6028029,0.97789294,0.9967083
-0.31549528,0.9782332,0.9810744
-0.05061658,0.67870504,1.0048447
-0.54943955,0.9500189,1.01872
0.09737823,0.47794807,0.98670316
-0.108719446,0.37144154,0.98768514
0.5742908,0.3156317,0.9599668
-0.14352855,-0.6741723,0.60430294
-0.8443687,-0.9723261,-0.32083908
-0.81719685,-0.961641,-0.23502365
-0.64899015,-0.9710679,-0.9617402
-0.38272375,-0.99685556,-0.93332654
-0.60136014,-0.9732105,-0.93715626
-0.10811959,-0.46174324,-1.0094851
0.5064312,-0.181151,-1.0175287
0.46658033,-0.9492096,-0.9952567
0.62539494,-0.9680205,-1.0026921
-0.27069578,-0.666323,-0.9849097
0.36523163,-0.92328215,-0.80621386
-0.19833957,-0.46768203,-1.0092785
-0.05774607,-0.68110895,-1.0070393
0.85406506,-0.27838016,-1.0256319
0.105714425,-0.8167753,-1.018902
0.32058308,-0.19554321,-0.9503818
-0.24875854,-0.8859983,-0.9865161
0.15372656,-0.14215373,-1.0121102
0.89031655,-0.36519718,-1.0282383
0.7410264,-0.957603,-1.0069286
0.71258765,-0.108379915,-1.0140775
0.69504666,-0.013102079,-1.0314103
0.25436872,-0.8765304,-1.0243253
0.093976796,-0.28762874,-1.0215524
0.6638206,-0.95781654,-1.0097624
0.4237413,-0.2999108,-1.0241873
0.9020345,-0.35183018,-1.0285014
0.8904107,-0.3106872,-1.0290648
0.8597871,-0.20746589,-1.0299269
0.6490576,0.2582752,-1.0318073
0.85829705,-0.22232674,-1.0276824
0.44532105,0.60964876,-1.0300634
0.7562394,0.010918394,-1.0274812
0.5393695,0.080921285,-1.030267
0.34705415,0.7202984,-1.0280501
0.37492198,0.7308164,-1.0263183
0.82979995,0.95967966,-0.055095773
-0.20463364,-0.50795925,-0.9817708
0.81446666,-0.22252455,-1.0250962
0.7858497,0.91705084,-0.5983308
-0.24403284,0.955464,0.5965001
0.024386529,0.86847174,-0.98720425
0.11436793,0.8850927,0.692118
-0.34710523,-0.04293854,-0.6731675
-0.20101501,0.036512017,-0.96114093
0.38114518,0.11202744,0.6285508
-0.240463,0.0015493095,0.13534291
-0.2191973,-0.86492836,-0.5941047
0.44435585,-0.85214424,-1.0063858
0.23093429,-0.5395033,-0.1363049
-0.33851802,-0.32072788,-0.6342772
0.30129647,-0.48613214,-1.0178236
0.68010056,-0.98118484,-0.99741507
-0.70599467,-0.8947403,-0.40239266
0.7657411,-0.039277665,-1.0192627
0.4832444,-0.90804183,-0.95474
0.59753305,-0.9660938,-0.9915437
0.83418703,-0.4105319,-1.0272257
-0.0810841,-0.6316469,-1.0062892
0.5075284,0.57195014,-1.0261115
0.761082,-0.85203236,-1.0190167
0.4283909,-0.29766625,-1.0243227
0.86649513,-0.37241977,-1.0279795
0.8663295,-0.59180063,-1.0255629
0.6267287,-0.07917134,-1.0314953
0.69956774,-0.9769637,-0.99752873
0.9001153,-0.35148957,-1.0284492
0.84698606,-0.20122257,-1.0300249
0.69825345,-0.28923494,-1.0251175
0.89298683,-0.3036567,-1.0280311
0.30116752,-0.882675,-1.0250905
0.6779625,-0.93758625,-1.0136939
0.8506469,-0.23318984,-1.0287819
0.856326,-0.18793444,-1.0294789
0.8988519,-0.3673116,-1.0284022
0.75131327,-0.32660893,-1.0269039
0.3450544,0.7159776,-1.0284128
0.05082358,-0.7345283,-1.0165552
0.88940626,-0.3045816,-1.0278131
0.63621175,0.28487042,-1.0319036
0.81059456,-0.31556317,-1.0267771
0.86437106,-0.21582223,-1.0296153
0.4393029,0.6165174,-1.0299985
0.7091492,0.14140272,-1.0313522
0.3504787,0.7107312,-1.028531
0.44075155,0.770975,-1.0212408
0.34590518,0.60113454,-1.0264473
0.7021309,0.12501124,-1.0316464
0.09521053,0.09075356,-1.0101262
-0.03553869,-0.115325965,-1.0059148
0.35079458,0.7125628,-1.0284635
0.3748609,0.74066126,-1.0265472
0.116470724,0.75738245,-1.0118678
0.47223845,0.57432646,-1.030426
0.6206383,0.3131503,-1.0318099
0.5737295,0.8438219,-0.98527324
0.3624994,0.7646271,-1.0223719
0.40736756,0.6839392,-1.0282024
0.3779663,0.28004867,-1.0272257
-0.07201893,0.7031688,-1.0026381
0.16368482,0.8898065,-0.88654184
-0.52673686,-0.28961867,0.43584284
0.65365595,0.84970605,-0.95405823
-0.5148832,0.3344054,1.0195584
-0.28567696,0.114427954,-0.8724883
0.24564318,0.2979244,0.8450443
0.24643752,0.61930984,0.7496863
-0.5545425,-0.89916503,-0.4561333
-0.024446815,-0.32593456,-1.0016845
0.46945447,-0.89235365,-0.7720005
0.2551138,-0.932088,-0.7671518
0.75800306,-0.28463626,-1.0252353
-0.07271485,-0.33522934,0.37060666
0.36485967,-0.93761724,-0.8427166
0.24107514,-0.8476826,-1.0236907
0.16114385,-0.9251704,-0.89601326
0.6403541,-0.5245226,-1.0095979
0.22931619,0.06745507,-0.95599794
0.48334822,-0.7994104,-0.97261727
0.33588427,0.11368567,-1.0107452
0.041102238,-0.6361217,-0.9363997
0.6492294,-0.97655094,-0.9945074
-0.35034007,-0.67535615,-0.771259
-0.3005234,-0.04291702,-0.9524766
0.54682785,-0.97718674,-0.9934834
0.14727327,-0.94943786,-0.8680878
-0.16227874,-0.46197852,-1.0199217
-0.12792042,-0.60645545,-0.99872625
-0.46598077,-0.8735619,-0.5524784
0.7197391,0.088025466,-1.031555
0.6879129,-0.9786774,-0.99661356
0.6751969,-0.9654469,-0.992921
0.7478008,-0.94885004,-1.00885
0.6939934,-0.0785565,-1.0214657
0.8968049,-0.33478698,-1.0281016
0.81695265,-0.3653108,-1.027345
0.8628206,-0.21661203,-1.0299069
0.5409249,-0.28070343,-1.0310873
0.78340477,-0.20429777,-1.0305324
0.9033054,-0.35467142,-1.0285381
0.64230126,0.16407739,-1.0319251
0.8958701,-0.3298935,-1.0288619
0.89949715,-0.33557385,-1.0284094
0.89057535,-0.3081889,-1.0290657
0.8669464,-0.23178871,-1.0298511
0.902898,-0.35276383,-1.0285697
0.6574857,0.2315969,-1.0320516
0.668463,0.21593907,-1.0319495
0.75068295,0.067142226,-1.031501
0.6877235,0.19237196,-1.0316889
0.81994545,-0.1283167,-1.0246868
0.36598405,0.69738233,-1.028773
0.7844328,0.0026530973,-1.025296
0.40192363,0.7553867,-1.0248988
0.6702507,0.92862636,-0.4629781
0.10180738,0.81259054,-1.0035825
0.5850425,0.9871659,0.70489967
0.28627783,0.8138525,-0.8744266
0.30560026,0.9296006,0.56200427
0.57053614,0.34058478,0.9631173
-0.0834975,0.45018494,0.8298346
0.20749876,0.90892076,0.2227115
0.05738706,0.6121701,1.0237049
-0.3240278,-0.70652235,0.18978539
-0.17485978,-0.44700053,0.88041186
0.022807391,0.43637934,1.0184939
-0.61294717,-0.7209075,1.000686
-0.54702157,-0.9090527,0.38966772
-0.6231578,-0.9471078,-0.21869087
-0.83440363,-0.97133327,-0.502772
-0.32599184,-0.9381853,-0.7401813
-0.54008234,-0.9266006,-0.9319058
0.17064555,-0.5737868,-1.0175853
0.72332096,-0.42936,-1.0257965
0.6715197,-0.53797895,-1.028935
0.44034466,0.63882166,-1.0283504
0.29642317,0.36891156,-1.0248952
0.9027363,-0.35427037,-1.0285249
0.36704874,-0.7689575,-1.0281293
0.42553058,-0.83286923,-1.0253787
0.8967545,-0.36738554,-1.0283463
0.7162928,-0.9662512,-1.0005411
0.6708009,-0.31876868,-1.0262026
0.89030087,-0.30594498,-1.029001
0.6490145,0.23131777,-1.0319972
0.90338457,-0.35452628,-1.0285429
0.655747,0.23876669,-1.0320046
0.9019706,-0.35072184,-1.0285296
0.896082,-0.33898953,-1.0286902
0.514153,0.5078967,-1.0309086
0.8993608,-0.3385869,-1.0286341
0.6297397,0.29695827,-1.0318811
0.6187788,0.32119304,-1.0318075
0.444284,0.6106306,-1.0300661
0.643287,0.26563504,-1.0319674
0.65538436,0.23654355,-1.0320383
0.35789084,0.7039458,-1.0286702
0.33955777,0.720723,-1.0283116
0.34888324,0.7139152,-1.0284184
0.48877385,0.53049755,-1.0304915
0.48442355,0.762497,-1.0243206
0.29182965,0.65011686,-1.0270537
0.027769072,0.6279763,-1.0080483
0.4583551,0.7690398,-1.0102733
0.82917494,0.9643879,0.15566
0.45408747,0.9758841,-0.11515294
0.7464152,0.94964325,-0.12168625
0.5987742,0.9964557,0.9512809
-0.20700039,0.8367468,-0.3600701
0.6792051,0.9411946,0.93298024
0.660671,0.98793685,0.8522851
-0.26970607,-0.3605189,-0.8698588
0.7212816,-0.2668744,-1.0235232
0.28024843,0.3270072,-1.024367
-0.05326094,-0.4966458,-0.9472818
0.636249,0.047433637,-0.9840995
0.8203843,-0.3687868,-1.0272148
0.24593975,-0.7861306,-0.98484033
0.39654487,-0.2887246,-1.0232857
-0.10318072,-0.6332199,-1.0004786
0.328284,-0.93487245,-0.791784
0.1390597,-0.33628586,-1.0225656
-0.07828125,-0.6222864,-1.0031817
0.3715301,-0.91154945,-0.7138332
0.8248726,-0.35832283,-1.0274917
0.2227548,-0.862169,-1.0248646
-0.04366601,0.02633417,-0.9760111
0.80863434,-0.6092851,-1.0267439
0.6884422,-0.96926045,-1.0017033
0.5495258,-0.29699793,-1.0248647
0.87050146,-0.32745853,-1.0283228
0.6903515,-0.97810876,-0.9920493
0.8719663,-0.346216,-1.0281333
0.04196573,-0.4539572,-1.0170367
0.89113474,-0.30693966,-1.0274732
0.8898861,-0.34246847,-1.0285201
0.845955,-0.41482052,-1.0273199
0.836054,-0.2803628,-1.0285993
-0.081710964,-0.53137726,-1.0071417
0.8845593,-0.28028917,-1.0283992
0.41295046,0.66280013,-1.0288799
0.7208093,0.24131383,-1.0258505
0.36151427,0.70162296,-1.0286822
0.5062276,0.5417986,-1.0293745
-0.047353193,0.8593503,-0.9913198
0.44783255,0.8250194,-0.98371315
0.19515729,-0.037085053,-0.84442186
0.36910036,0.17147784,-0.98141396
0.38067025,0.7214607,-1.0267812
0.70766276,0.9418991,-0.27180496
0.26863158,0.9556576,-0.60153484
0.8499133,0.9717215,0.39062682
0.31333286,0.70832384,1.0225424
-0.40052027,0.7122868,0.75990856
-0.11753996,-0.4279419,-0.5988337
0.17760152,0.34446126,0.8897373
0.27951238,0.57337123,1.0204908
-0.64185435,0.39806858,-0.21150178
-0.07385901,-0.40883607,-0.80033046
-0.5114583,-0.69436413,0.9746199
0.4449671,0.11220352,-1.002818
-0.28431976,-0.7017875,-0.93642235
0.18462072,-0.25632304,-1.0072181
0.35913852,-0.931615,-0.9711466
0.1946241,-0.9458326,-0.92049056
0.4565321,-0.55356425,-1.0050682
0.64283675,-0.95798194,-1.00315
0.4691302,-0.97554827,-0.98854053
0.66934377,-0.94013613,-1.0048658
0.6126798,0.31824875,-1.03169
0.8574747,-0.29173523,-1.0273284
0.4591191,0.85111904,-0.95005184
0.35676643,0.74269706,-1.0260842
-0.033434484,0.85587823,-0.9932718
0.53013587,0.8940139,-0.7602152
0.7524259,1.0000843,0.8882498
0.50500816,0.9906243,0.5314027
0.7846207,0.9949257,0.8296923
0.23352095,0.82248974,1.020663
-0.4034853,0.98469955,0.9962132
0.48594353,0.99448824,0.9629318
-0.6233584,0.93964666,0.9978918
-0.49525613,0.89199793,1.0162331
-0.46263704,0.8286377,1.0226716
0.2924344,0.5860567,1.0214658
-0.6036168,-0.5120467,1.0284303
-0.37005812,-0.43475318,1.0172563
-0.60821486,0.25164,1.0213593
-0.7958932,-0.94260305,0.2555056
-0.6591072,-0.97811955,-0.7205114
-0.65151316,-0.89015746,0.30804256
-0.64909124,-0.6051081,0.00049747765
0.06968648,-0.57139844,-1.009645
0.02180336,-0.6326313,-0.98874676
0.28851068,-0.3107947,-0.96626914
-0.40293577,-0.8806766,-0.6712242
0.8309196,-0.32092768,-1.0259445
-0.21635066,-0.8994081,-0.7673856
0.38618398,-0.88808036,-0.96660334
-0.5665933,-0.9482961,-0.8572978
0.6899082,-0.97076905,-0.99381304
0.15805112,-0.8515853,-1.0206608
0.29556966,-0.91682565,-0.7013041
0.68486613,-0.33643684,-1.0262189
-0.051166277,0.3203775,-0.9922635
0.8470034,-0.32066113,-1.0270442
0.24681586,-0.87696815,-1.0254178
-0.17760324,-0.8541833,-0.9800162
0.29759595,0.57017326,-1.0264037
0.27535564,-0.48038295,-0.9974426
0.8350346,-0.20596781,-1.0219353
0.35531735,-0.28238997,-1.0233352
0.2646501,-0.87430495,-0.8907498
0.78566366,-0.21237901,-1.025343
-0.0007718864,-0.704672,-1.001903
0.6961488,-0.5417267,-1.0238184
0.808706,0.0495076,-1.0222859
0.10873898,-0.80548304,-1.0204717
0.86784047,-0.3932758,-1.0275081
0.53905684,0.43757957,-1.0310477
0.22972877,0.01847609,-1.0241479
0.8823825,-0.35524255,-1.0282395
0.704932,-0.98106533,-1.0001197
0.12727708,-0.24922247,-1.0201072
0.09379955,-0.19397399,-1.0197847
0.56941164,-0.9533267,-1.0096034
0.27172384,-0.34630096,-1.0222491
0.9019628,-0.36342514,-1.0284735
0.40146178,-0.91905886,-1.0220124
0.6850396,-0.31986248,-1.0263067
0.636167,0.25609785,-1.0319213
0.9020508,-0.354521,-1.0285167
0.86091536,-0.2111226,-1.0299741
0.657217,0.23201844,-1.0320508
0.8983727,-0.35325897,-1.0284702
0.3483111,0.7127046,-1.0284902
0.53114736,0.48670387,-1.0310795
0.3399264,0.7203839,-1.0283194
0.34547874,0.7155098,-1.0284235
0.38173008,0.75174046,-1.0252078
0.37483838,0.7713546,-1.0227643
0.6282058,0.9233828,-0.85259897
0.6867471,1.0062338,0.9471491
0.49259758,0.99752873,0.7548159
0.8373414,0.9688391,0.35403633
0.5198494,0.9832058,0.8658721
-0.44211626,0.9697403,0.9461386
0.27013478,0.6348408,1.0238433
0.17695075,0.781472,0.9353878
0.61579597,0.36958393,0.9571853
-0.028661802,0.52785075,0.9418237
0.45750445,0.95250386,0.74136883
-0.28077024,0.19102158,1.0143487
-0.6884599,-0.018384488,1.0311877
-0.065045565,-0.8958334,-0.5001576
-0.59326655,-0.82799596,1.0061164
-0.6217883,-0.8469517,-0.14421813
-0.5329874,-0.42619535,0.9740339
0.09447996,-0.58342993,0.7200401
-0.12947758,-0.9484799,-0.65237105
-0.785091,-0.95372003,-0.38406777
-0.6383227,-0.9089957,-0.916506
0.4852657,-0.9379154,-1.0166037
-0.44841194,-0.96159655,-0.9058307
0.4128298,0.8024843,-0.9970221
-0.1115742,-0.7107046,-0.99195874
-0.16734967,-0.86582017,-0.63602746
0.13837808,-0.28393233,-1.0220629
0.5866904,-0.96196294,-1.0042688
0.6369651,-0.96872634,-0.9980145
0.70065165,-0.98211557,-0.99797153
0.6968694,-0.9806896,-0.9955101
0.55599517,-0.38395292,-1.024556
0.7158041,-0.77089816,-1.0249274
0.88943875,-0.36493665,-1.0281721
0.85248387,-0.17828782,-1.0297581
0.837437,-0.076955624,-1.0270742
0.90053576,-0.35201582,-1.0285323
0.90331805,-0.3545957,-1.0285445
0.64821434,0.25406,-1.0319955
0.37680912,0.6851985,-1.0289922
0.43446824,0.63141793,-1.0294046
0.6582932,0.23130141,-1.0320333
0.10918418,-0.2521933,-1.0205656
0.56926036,0.37327558,-1.0314252
0.841575,-0.15064543,-1.030052
0.36949813,0.69009787,-1.0288377
0.472529,0.58831245,-1.029406
0.33953196,0.7199777,-1.0282404
0.89993024,-0.3415318,-1.0285739
0.8327134,-0.12621345,-1.0303663
0.630205,0.29593542,-1.0318823
0.39672422,0.6707387,-1.027973
0.6674529,0.21745445,-1.0319037
0.19759017,-0.27990812,-1.0224789
0.419041,0.6358705,-1.0293308
0.3572252,0.7144519,-1.0278003
0.34969214,0.73339254,-1.0271207
-0.062436435,0.8661979,-0.98973954
0.36939862,0.70334727,-1.0280464
0.7322732,0.94322133,-0.24670821
0.58464724,1.0017512,0.8728698
0.76818764,0.9545325,0.18272969
0.2713824,0.48812443,0.9847075
0.041765016,0.8448869,-0.670064
0.4343143,0.6557384,-1.0283587
0.66061467,0.82600176,-0.3340128
0.2106339,0.63814074,0.009176364
-0.63237226,-0.21415417,-0.9075482
0.38880956,0.65798116,-1.005986
0.62436104,0.8445335,0.40850708
-0.31917813,-0.07135315,-0.26513776
-0.5801963,-0.27213615,-0.7921473
0.16985291,-0.027190601,0.6231148
-0.7945743,-0.9604307,-0.505047
0.101625316,-0.57044697,-0.54394364
-0.3854309,-0.9050833,-0.500195
-0.5436393,-0.79868037,-0.99550307
0.17676693,-0.67012906,-0.75718415
-0.63900006,-0.93448746,-0.27265492
-0.07362003,-0.9192545,-0.64604795
-0.07138497,-0.47809997,-1.0051882
0.5749027,-0.943572,-0.97946733
0.6954726,-0.98169714,-0.99638325
-0.06241269,-0.88221675,-0.9962919
0.24041696,-0.97328186,-0.9795704
0.54061323,-0.9755785,-0.9810174
0.5294325,-0.67776537,-1.0195895
0.8373691,-0.79102993,-1.0220988
0.8755413,-0.57905716,-1.0264528
0.89639795,-0.42659998,-1.028015
0.89730865,-0.4191721,-1.0280784
0.90212023,-0.36704645,-1.0284561
0.90248907,-0.3547388,-1.028529
0.90341496,-0.35459086,-1.0285414
0.6995273,0.115133926,-1.0317755
0.9032848,-0.3547547,-1.0285394
0.65408033,0.23929352,-1.0320326
0.90265715,-0.3546858,-1.0285317
0.621394,0.31574136,-1.0318223
0.6572095,0.23262882,-1.0320458
0.8850881,-0.28760418,-1.0291882
0.6159898,0.3272143,-1.0317883
0.6753301,0.20402282,-1.0319656
0.517785,0.5083571,-1.0309471
0.6549112,0.23779659,-1.0320375
0.6566832,0.23305394,-1.0320437
0.35697818,0.704704,-1.028656
0.3396017,0.7205751,-1.0283161
0.49939448,0.5241985,-1.0306807
0.37751448,0.6890914,-1.0288243
0.6243789,0.87945104,-0.9500735
0.09230782,0.7702446,-1.0102118
0.5544487,0.925654,-0.50683373
0.6992433,1.0059726,0.94455016
0.61393124,0.9924641,0.877061
0.4855915,0.89372694,0.7358862
-0.3003376,0.9803266,0.9766039
0.49822623,0.9284952,0.99797404
-0.6335342,0.9357909,1.0117322
0.6405249,0.84784025,0.5858865
-0.6112115,-0.36992794,1.012838
-0.36332256,-0.666597,0.9663577
-0.03459243,0.23128034,0.79353595
-0.49946588,-0.8045409,-0.3847883
0.40344164,-0.04847035,0.57683724
-0.33451945,-0.48238316,1.0132664
-0.67499,-0.32004276,-0.84695613
-0.0801362,-0.9447044,-0.8621735
0.01361432,-0.27226362,-0.9762066
-0.18893361,-0.6576776,-0.97236204
0.45872715,-0.88798445,-1.0105339
0.51063704,-0.97262394,-0.9978668
-0.48600993,-0.95282084,-0.8646514
-0.09949639,-0.9336658,-0.9839868
0.6681553,-0.981023,-0.9955476
0.1214052,-0.3104835,-1.0214825
0.8502471,-0.63389736,-1.0243702
0.69177514,-0.9773593,-0.99355096
0.7451322,-0.3279812,-1.0268412
0.5626473,-0.95496887,-1.0147694
0.41464898,-0.29784635,-1.0237405
0.90141594,-0.35114068,-1.0286056
0.8333893,-0.5203249,-1.0280582
0.9026058,-0.3517907,-1.0285715
0.9010866,-0.3515891,-1.0286069
0.89418656,-0.32137415,-1.0289468
0.9003,-0.34262675,-1.0286497
0.9026751,-0.35205153,-1.0285783
0.9020115,-0.35255003,-1.0285048
0.6172436,0.32449633,-1.0317968
0.7078376,0.15072916,-1.0317718
0.34014425,0.72029024,-1.028317
0.3152087,0.7315484,-1.0276027
0.36575443,0.6961081,-1.0287933
0.34173965,0.71871,-1.0283487
0.39700836,0.72670704,-1.0274705
0.85329974,0.97132087,0.3112685
0.7582358,0.9830369,0.55859435
0.039305717,0.8300244,-1.0042055
0.6771099,0.7431376,-0.9843618
0.66936755,0.96376985,0.17370668
0.694115,0.98765546,0.8347359
0.19142765,0.65890086,0.96970016
0.058887742,0.58367497,0.5784156
0.30081525,0.72910756,1.0102471
-0.35864726,0.15434559,-0.36187413
0.5653822,0.78709847,0.113437824
0.08494577,0.9104804,0.85776263
0.6035355,0.34276178,-1.0316937
0.8897736,-0.3050589,-1.0285678
0.47082698,0.5822708,-1.0301218
0.45450217,0.83947,-0.9742717
0.30287454,0.6867096,-1.0260621
0.7622267,-0.004833416,-1.0108732
0.6278834,-0.1718918,-1.0285615
0.6666431,0.9271829,-0.48072982
0.12376808,0.77851164,-1.0177826
0.60265005,0.34230107,-0.978227
0.31087708,0.72259396,-1.0273657
-0.107677154,0.38537627,-0.9343649
0.75917,0.9726386,0.44573393
0.70685554,0.9479999,0.91878706
0.544277,0.9901366,0.66816163
0.06881231,0.92975485,0.7943852
0.22589841,0.7549056,1.0209829
-0.27300018,0.8239705,1.0231092
0.5705655,0.8831173,0.6052198
0.04303849,0.35876587,1.0159359
-0.43080604,-0.70764005,1.0259475
0.037845388,0.10587183,0.7973563
-0.73570794,-0.8856143,0.42349195
-0.5210439,-0.7133011,1.0177624
-0.8034704,-0.9441356,-0.04278224
-0.68336266,-0.7861297,-0.8693639
-0.07047046,-0.7665021,-0.49458075
-0.74294907,-0.7600056,-0.78851986
0.251712,-0.9121173,-0.8246839
0.16364884,-0.33923283,-1.0216167
0.029147888,-0.34479025,-0.835167
0.679836,-0.34615794,-1.0255041
0.2887028,-0.89025956,-1.0240036
-0.44860986,-0.892903,-0.6151666
0.53812516,-0.9459811,-1.0119752
0.69477415,-0.980205,-0.9933531
-0.29746863,-0.9330343,-0.9705353
0.7117236,-0.95504034,-1.0052592
0.8868291,-0.32691348,-1.0277435
0.40012905,-0.4958509,-1.029327
0.8311557,-0.18383056,-1.0195063
0.67006737,0.2105804,-1.0318702
0.8999434,-0.35380188,-1.028493
0.8030676,-0.3944011,-1.0269735
0.5024083,0.533892,-1.0307349
0.35385922,0.5304826,-1.0233617
0.9020307,-0.34697047,-1.0284473
0.6851908,-0.31963313,-1.0263368
0.80955726,-0.15564838,-1.027992
0.18240096,0.37978777,-1.023866
0.88597953,-0.2815189,-1.028086
0.6254934,0.30662256,-1.0318503
0.47417268,0.34395957,-1.0269033
0.5556871,0.11836107,-1.0233402
0.5268711,0.8821018,-0.7210684
-0.17227718,0.15237188,-0.9234341
0.40605736,0.7533439,-1.0199738
0.7611535,0.9383461,-0.18232684
0.7555464,0.9965598,0.8427236
0.76895124,0.9713623,0.3460969
-0.15861148,0.7997791,-0.860458
0.6896526,0.9773161,0.7142532
0.23760055,0.7774716,0.97020674
-0.6169922,0.9833751,0.99676687
0.710825,0.9622292,0.49281713
-0.21463215,0.35593045,1.0057861
0.17528963,0.5091981,0.813686
-0.33261955,-0.36654103,0.79770374
0.0072617955,-0.2499518,0.98322624
-0.34799612,-0.45372158,0.081116475
-0.84667206,-0.9534402,-0.4333665
-0.084439814,-0.63578165,0.8115015
0.27909756,-0.38534063,0.9443077
-0.21022199,-0.19633272,0.75247777
-0.11665388,-0.87563133,-0.6225792
-0.06898454,-0.54512036,-1.0181599
0.09897315,-0.6723383,-0.9054513
-0.272262,-0.31655353,-0.8511421
-0.10483936,-0.76102185,-0.9759565
0.2287895,-0.48485196,-1.0198734
0.34979934,-0.90374553,-1.0213797
0.2693178,-0.34763533,-1.0222231
0.81076145,-0.8401727,-1.0188388
0.7068258,-0.98094875,-0.9980822
0.6546951,-0.3153168,-1.0260358
0.77365386,-6.0386494e-05,-1.0294746
0.89996314,-0.37453488,-1.0283716
0.8545198,-0.2864667,-1.0284097
0.88905144,-0.34096655,-1.028147
0.23711435,-0.85872126,-1.0252583
0.38711998,-0.7247563,-0.91647166
0.86471546,-0.34048793,-1.028107
0.082847595,0.008057954,-1.0189133
0.12774238,-0.7093678,-1.0213987
0.90237284,-0.3511203,-1.0284902
0.6561486,0.2339307,-1.0320444
0.8766106,-0.2804791,-1.028833
0.56782436,0.35593796,-1.0312312
0.41999432,0.656061,-1.0285331
0.6959033,0.11987415,-1.0296023
0.46640533,0.83963954,-0.95843905
0.37128386,0.85288197,-0.99960345
0.37062228,0.7576915,-1.0236555
0.41615275,0.77057743,-1.0231605
-0.5095132,0.5617911,-0.97804165
-0.39682236,0.72584134,-0.996384
0.6093958,0.97104615,0.5940577
0.3734616,0.97353965,0.9942273
0.06671452,0.9695103,1.0053861
0.575691,0.9823486,0.8948201
0.39009058,0.8671011,1.0124834
-0.15114021,0.4167405,0.7089103
-0.42738256,0.97593033,0.9735125
-0.37416294,0.5491281,1.0254686
-0.12302096,0.37657806,0.9975302
-0.058971632,-0.15230742,0.045056798
-0.7564205,-0.9326944,-0.536318
-0.268958,-0.8700175,0.8824272
-0.2852606,-0.7726236,0.9902647
0.13652728,-0.913323,-0.65295476
0.34971797,0.7145492,-1.0282948
0.34969592,0.71181566,-1.0284787
0.5647513,0.41738072,-1.0312841
0.3967395,0.7803967,-1.0194577
0.368183,0.7633284,-1.0249645
-0.20627806,0.09046336,-0.86024624
0.34057266,0.8344621,-0.9990903
0.7765862,0.95119107,-0.03125484
0.31080183,0.9842006,0.9472918
0.27014172,0.96338344,0.8094151
0.64789504,0.9982703,0.9610407
-0.53016865,0.953857,0.99977547
0.53344315,0.90082294,0.90849984
-0.5913126,-0.41559145,1.0302439
-0.5994329,-0.4403646,1.0306436
-0.56913257,-0.19063888,1.0306944
-0.556915,-0.6261579,1.0264654
-0.5255362,-0.50186485,1.029496
0.3100721,-0.05581821,0.94971573
-0.5222901,-0.1461287,1.0146884
-0.81335956,-0.9635933,-0.58325124
-0.68932194,-0.9472135,-0.5689093
-0.74913955,-0.9247358,-0.4540828
-0.036622744,-0.97425264,-0.954676
0.51849526,-0.9672678,-0.95346975
-0.38149342,-0.043803055,-0.8055761
-0.18652478,-0.6366055,-0.9779009
-0.37208924,0.115381144,-0.91480494
0.50323594,-0.90111333,-1.0140526
0.6201906,-0.3658552,-1.0243812
0.10411679,-0.82241,-1.0168743
0.07846969,-0.6472289,-1.0058799
0.37430787,0.6372448,-1.0276812
0.25122142,0.08375597,-1.0108722
0.44734293,0.33638158,-1.0118269
0.16864388,-0.24999616,-1.0204871
0.2529816,0.38508248,-1.0095555
0.24861468,-0.66443217,-0.96583146
-0.12457784,-0.9018479,-0.9359421
0.69255763,0.010074998,-1.0131984
0.5968823,0.04326633,-0.92594534
0.027318623,-0.39585805,-0.768589
-0.5526668,-0.9010377,-0.5852718
-0.15073545,-0.7511642,-0.8215058
-0.1575845,-0.91188395,-0.57280165
-0.38982183,-0.48679903,-1.0097024
0.2171658,-0.15890172,-0.0075787627
-0.7015311,-0.9023975,-0.36977422
0.760363,-0.34416535,-1.0267664
0.5046856,-0.9457156,-1.0143527
0.28668195,-0.9298583,-0.76924366
0.6576245,-0.3430681,-1.02585
-0.05216881,-0.6848216,-1.0095813
0.85268295,-0.7214409,-1.023889
0.62701106,-0.96729344,-1.0083321
0.10992614,-0.27087778,-1.0215765
0.31627956,-0.662851,-1.0274324
0.7531432,-0.95073074,-1.0080606
0.8843131,-0.5254418,-1.0270139
0.8444719,-0.3422796,-1.0278304
0.8905579,-0.37798008,-1.0285435
0.9026983,-0.35271648,-1.0285143
0.67308426,0.20777453,-1.0319685
0.90323853,-0.3542532,-1.0285382
0.6540995,0.23256199,-1.0320327
0.64516383,0.1272588,-1.0317914
0.6400428,0.27348873,-1.0319451
0.6562919,0.23633045,-1.0320202
0.6740804,0.20457177,-1.0319625
0.38678062,0.6754432,-1.029189
0.4935452,0.5448233,-1.0306822
0.35666043,0.7048856,-1.0286497
0.47969055,0.441365,-1.0296698
0.45603466,0.46445048,-1.0291353
0.66252625,0.09299874,-1.0314488
0.47018698,0.77345306,-1.0240937
0.35080954,0.72341603,-1.0280052
0.40599737,0.7563121,-1.0257064
0.652651,0.28373984,-1.031425
0.6592778,0.17412753,-1.0318029
0.49852577,0.37700465,-1.0147489
0.47992152,0.43804702,-1.030911
0.33402488,0.713366,-1.0281011
0.5380673,0.9307648,-0.69430506
0.8162717,0.9655118,0.20083593
0.28295696,0.90487003,-0.08222387
0.7055505,1.0022578,0.9085017
-0.22713926,1.0039479,0.9894208
0.48961723,0.9771194,0.8967544
0.38224474,0.9707369,0.94414246
-0.6325249,0.5113664,1.0267011
-0.59764516,-0.82591414,0.6789978
0.103723116,0.4181116,0.6864183
-0.27470064,0.5887768,1.0243053
-0.32159194,0.23089728,-0.5309597
0.20563208,-0.6220881,-0.7933592
-0.76098055,-0.9344133,-0.15525924
0.19549409,0.052082624,-0.21929456
0.40973064,-0.9228591,-0.85074174
-0.46790847,-0.8580005,-1.0009607
0.11539469,-0.81322837,-0.13112897
-0.04651259,-0.9754101,-0.92975765
0.6258132,-0.98052615,-0.99454117
-0.34008947,-0.952946,-0.8507629
0.59365267,-0.9058006,-0.9924447
0.69838446,-0.9826353,-0.99855447
0.69732296,-0.9818715,-0.99608254
0.7051027,-0.93495065,-1.0084445
0.87503153,-0.5836341,-1.026396
0.830869,-0.81124806,-1.0213792
0.8852518,-0.350502,-1.0283064
0.90298283,-0.35722962,-1.0285281
0.8993629,-0.34136456,-1.0287129
0.64186764,0.27514476,-1.0318828
0.608508,0.3251172,-1.031716
0.9021096,-0.34976915,-1.0285962
0.65287733,0.24279737,-1.0320252
0.6350581,0.29195413,-1.0318211
0.3515241,0.70975506,-1.0285523
0.5628466,0.4324528,-1.0313743
0.40280956,0.6584629,-1.0293673
0.6168643,0.31471515,-1.0315583
0.8288411,-0.28146747,-1.0286592
0.42070714,0.7467724,-1.025804
-0.028692069,0.8652221,-0.9911906
0.32164857,0.8169632,-1.0129743
0.5152341,0.9964069,0.8197707
-0.3611404,0.8812839,0.22276711
0.84595597,0.9797226,0.59070057
0.3886946,1.0005591,0.92080796
-0.37674704,0.94763315,0.9210931
0.8226092,0.95690393,0.5220986
0.21142967,0.98351693,0.9962431
0.26675415,0.95615506,0.07000835
0.2819164,0.45459774,0.9852158
-0.59202695,0.42961589,-0.08640327
0.0015630042,-0.16833714,0.5250607
-0.6883448,-0.87307435,0.3261951
0.1912103,-0.23304802,0.9196463
0.04832731,0.20335485,1.0007457
-0.87662446,-0.96781844,-0.3551334
-0.2808651,-0.89787424,-0.8287821
-0.68812966,-0.9795927,-0.76184046
0.1617862,-0.94948727,-0.85323995
-0.25912696,-0.97024983,-0.9588907
-0.16142508,-0.96588737,-0.95250106
0.43098572,-0.9040306,-0.9470161
0.06229278,-0.47778925,-1.0227562
0.5751999,-0.9289171,-1.018233
0.53443503,-0.61649704,-1.0204594
0.53366995,0.46477246,-1.0310649
0.67169005,0.0004909555,-1.0294847
0.88780653,-0.35001588,-1.0282893
0.84226274,-0.3554914,-1.0288818
0.40550864,-0.2554744,-1.021953
0.17033231,-0.8579092,-1.0214629
0.44709337,-0.3005329,-1.0244308
-0.06431292,-0.3642137,-1.0081458
0.59400356,0.43289492,-1.0249076
-0.10233143,-0.41148138,-1.0205076
0.35889935,0.7300128,-1.026838
-0.0012907353,0.42145532,-1.0014368
0.6044001,0.33704057,-1.031675
0.07536425,-0.12571992,-0.14037545
-0.47164482,-0.2936274,-0.7265186
0.67983884,-0.1765604,-1.0219765
0.5309018,0.047304895,-1.0307558
0.7890327,-0.05677926,-1.0192451
0.6419499,0.020731041,-1.0264436
0.35344192,-0.6723843,-1.0282547
0.44763297,-0.24513003,-1.0210937
0.08442411,-0.6987259,-1.0171374
-0.14803511,-0.7643485,-0.9631525
0.3996597,-0.31310236,-1.0239443
0.09697884,-0.80160546,-1.0196503
0.08317195,-0.032279275,-0.9892144
0.8816237,-0.2675157,-1.0286341
0.7277213,-0.95618844,-1.0072446
0.8431333,-0.30946568,-1.0245187
0.6515464,-0.4983802,-1.0289688
0.66909474,-0.96940905,-0.98796123
0.2765684,-0.29210275,-1.0231756
0.24889323,-0.79936695,-1.0257572
0.78860265,-0.7129249,-1.0215716
0.89611906,-0.369021,-1.0283273
0.7345458,-0.8948742,-1.0169379
0.12980628,-0.27419576,-1.0218873
-0.09096608,-0.64536256,-1.0060918
0.8367164,-0.09886313,-1.0264636
0.8857018,-0.26996756,-1.027658
0.25639182,-0.8735695,-1.0260943
0.008609425,-0.16071725,-1.0117502
0.5284207,0.5006725,-1.0307784
0.21440291,-0.8630631,-1.0247992
0.120345145,-0.1766379,-1.0142268
0.42217088,0.6425093,-1.0295581
0.11716116,-0.78184766,-1.0203831
0.8656199,-0.2810527,-1.0258976
0.561589,0.4986179,-1.0302542
0.4235152,0.76654744,-1.0218786
0.5524275,0.5076899,-1.0290264
0.3997914,0.72706324,-1.0251449
0.24633822,0.86190176,-0.9910379
0.6781541,0.96290755,0.0069528767
0.598846,0.8562221,-0.9899915
0.74699813,1.0012083,0.89853114
-0.01333865,0.70365447,-0.89277667
0.39525825,0.85018575,-0.7050217
-0.03970743,0.936472,0.77884233
-0.37771252,0.9979737,0.9919305
0.542911,0.37211487,0.9684179
-0.0026332529,0.50174725,1.0225353
-0.65893203,-0.8808921,0.40985954
-0.6548796,-0.89105046,0.5174187
-0.22541922,-0.27245393,1.0134727
-0.23613985,-0.82430285,0.6873252
-0.61162627,-0.9262526,-0.14736792
-0.76364845,-0.98853433,-0.8366435
-0.40839323,-0.973335,-0.3189881
-0.74069196,-0.94843686,-0.5073491
-0.5410096,-0.9606039,-0.811131
-0.11182742,-0.95568204,-0.9603074
0.40658647,-0.5715947,-1.0131619
0.4041327,-0.90155035,-0.97784525
0.02428149,-0.9218364,-0.67805785
0.12104814,-0.28540826,-1.0219103
0.8831568,-0.44811165,-1.0274799
0.6963694,-0.95438594,-1.0021896
0.48714012,-0.9155869,-0.8441825
0.2073788,-0.28140157,-1.0226328
0.68374914,0.20137838,-1.0317742
0.6957375,-0.9710733,-1.0051358
0.9009852,-0.34671664,-1.0283116
0.9027489,-0.3542418,-1.0285368
0.2898166,-0.8838849,-1.0254679
0.9018097,-0.35029075,-1.0285726
0.3667,0.68884665,-1.0288352
0.5811254,0.3378708,-1.0310255
0.63453734,0.20834298,-1.0319287
0.48776755,0.5560945,-1.0305341
0.41870585,0.64255196,-1.0295795
0.55428797,0.4309956,-1.0312397
0.77548265,0.03364841,-1.030817
-0.14849395,-0.5785748,-0.9978618
0.7394981,0.13930933,-1.0177352
0.6861563,0.18424499,-1.0319196
0.56409776,-0.22699325,-1.0218611
0.81765246,-0.09197603,-1.0297331
0.41365573,0.8082041,-1.0042078
0.16807331,0.7882738,-1.0204489
0.43680227,0.25334328,-1.0315713
0.57557213,0.37492803,-1.0313629
0.14965904,0.9342686,0.58488137
-0.15862234,0.44348133,-0.935
0.10601874,0.31477094,-0.97207284
-0.08775205,0.2245515,0.8509573
0.4222096,0.93705606,-0.35510534
0.27360943,0.21211837,0.5993091
-0.41836417,0.17852728,0.99083424
-0.39562038,0.021445397,-0.5673231
0.14410709,0.14865042,0.89035285
-0.05445515,-0.47556895,-0.30088124
0.041480247,-0.65496635,-0.7679422
-0.82551914,-0.9546702,-0.15148067
-0.55944514,-0.8929299,-0.980266
-0.341992,-0.9802706,-0.8700437
-0.7062,-0.9230592,-0.41259533
-0.5786485,-0.6525224,-0.8360815
0.49518928,-0.15918086,-1.0120388
0.5933261,-0.9499042,-0.969725
0.32099214,-0.4573276,-1.0244509
0.6450078,-0.96346354,-0.9969236
0.81193495,-0.41517067,-1.025803
0.65042603,-0.9603444,-1.0028049
0.71674174,-0.5098396,-1.024842
0.69184744,-0.8793034,-0.9916525
0.789581,-0.8836952,-1.0167606
0.9026394,-0.3579967,-1.0285132
0.90005714,-0.3643212,-1.0284588
0.7515724,-0.53972906,-1.0286833
0.9034433,-0.35482627,-1.0285425
0.6249035,0.2681997,-1.0318482
0.903186,-0.3540051,-1.0285296
0.6576464,0.2319979,-1.0320354
0.8585813,-0.19822428,-1.0298171
0.7023833,0.16335638,-1.031764
0.8404732,-0.13198885,-1.0298047
0.65678245,0.2332236,-1.0320485
0.6981143,0.16793099,-1.0318272
0.6252316,0.30704096,-1.0318514
0.64751357,0.25642088,-1.0319849
0.64496815,0.2628794,-1.0319636
0.34372494,0.7168694,-1.0283998
0.34739318,0.7093022,-1.028403
0.3413822,0.7189911,-1.0283517
0.3469474,0.7262897,-1.0277189
0.3186603,0.792873,-1.0214627
0.36030027,0.70787656,-1.0283924
0.76486844,0.9486649,-0.18395403
0.58197546,0.98879135,0.30317262
0.06493345,0.6862934,-0.9702829
0.80043054,0.9617407,0.15205593
0.7557024,0.9989587,0.87455124
0.42545187,0.98008126,0.19026679
0.83204746,0.978152,0.5835685
0.6593474,1.0058179,0.9611266
0.49275464,0.99402344,0.95063525
0.47509307,0.95782775,0.75722396
0.26429975,0.9753392,0.9096271
-0.21277882,0.64449394,1.0229118
0.29067183,0.5766822,1.0200889
0.01765521,0.36264172,-0.5801763
-0.532949,-0.67608714,0.9739454
-0.32362977,-0.41077754,-0.85409665
-0.10006143,-0.539967,0.8276373
-0.1987333,-0.3238063,0.7389085
0.19219561,0.437602,0.13670552
0.34176135,0.93159133,0.34839988
0.42089054,-0.44447455,-0.93584806
-0.5317541,-0.8451288,-0.91475433
0.25096777,-0.01810801,0.8061017
-0.35638395,-0.5469623,1.0203817
-0.16026843,0.10701029,0.7988261
-0.79571927,-0.83214915,-0.5756235
-0.21298927,-0.4690635,0.8995093
-0.24242257,-0.6542502,0.87475765
-0.70322144,-0.42341936,-0.8326547
-0.30521664,0.06909524,-0.8579889
-0.17893298,0.092108384,0.39610115
0.30737627,-0.8566504,-0.8267515
-0.096396,-0.96380526,-0.8271567
0.18807976,-0.7665051,0.75926274
-0.33204257,-0.9034891,-0.52861756
-0.34456578,-0.58337075,-1.0194261
0.11995801,-0.35432643,-0.29981974
-0.39157957,-0.9080696,-0.5611833
-0.078112856,-0.8972855,-0.987548
0.23840126,-0.4343305,-0.99087024
-0.35971317,-0.95530534,-0.8282637
0.40819287,-0.7403017,-1.0036999
-0.2505204,-0.64584064,-0.82822067
0.43059543,-0.9165414,-0.8424125
-0.19651794,-0.96597695,-0.9354121
-0.08682027,-0.9693045,-0.9406499
-0.3618971,-0.8634236,-1.0016242
0.1491301,-0.7248786,-0.94508094
0.41188973,-0.79678863,-0.93652916
0.57258064,0.41949487,-1.02885
0.7159832,-0.96693385,-1.0048296
0.38600227,-0.97293574,-0.9666054
0.13500458,-0.5691687,-1.0154454
0.7048104,-0.44002086,-1.0219214
0.56888896,-0.94895905,-0.98847663
0.4818144,-0.3049612,-1.0247035
0.6318252,0.44691384,-1.0247941
0.3519243,0.5213701,-1.0259277
0.43519455,-0.27450976,-1.0232055
0.2460568,-0.87401307,-1.0245112
0.24159147,-0.28757784,-1.0228174
0.29273573,0.5016818,-1.0272123
0.7899262,-0.0075513013,-1.0308535
0.6353718,0.30420408,-1.0315722
0.54927945,0.43937814,-1.031171
0.67178935,0.23525554,-1.0315028
0.73423034,0.113206424,-1.031395
0.5967992,0.34259495,-1.0316436
0.24652033,0.79843146,-1.0132792
0.1143151,0.60732424,-1.0187707
0.45284843,-0.059996486,-1.0300598
0.7804228,0.94647056,-0.1570378
0.51256806,0.90394497,-0.4666526
0.60322994,0.12220553,-0.9933457
0.12796919,-0.053754058,-1.0127119
0.44069672,0.8204017,-1.0000074
-0.2652285,-0.66818994,-0.9384415
0.83265984,-0.2248646,-1.0221354
0.21316227,0.2756758,-0.7636677
0.11127618,-0.42334473,-0.6057583
-0.42044792,-0.32467332,-1.0057224
0.319602,0.6307216,-1.0277385
-0.3036208,0.20434597,-0.78848463
-0.21884847,0.2249159,-0.9701297
0.48897654,0.87697953,-0.8622371
0.18710425,0.64055896,-0.9745879
-0.5807822,0.18183589,-0.87415624
0.59151345,0.9102208,-0.6475638
0.3366494,1.0025278,0.9338312
0.56053895,0.98473096,0.41863954
0.47436455,0.9922119,0.8547807
0.47784024,0.96054894,0.8554712
-0.4078969,0.9272679,0.85143334
0.30101484,0.6655899,1.0232159
-0.069014385,0.57854104,1.0133445
0.26798883,0.59448034,1.0212843
-0.53450924,-0.6736337,0.9936429
-0.053562336,0.030012151,0.9566366
-0.87701565,-0.9635746,-0.3625322
-0.042679798,-0.4044519,0.4847829
0.38563514,0.3573743,0.97586215
-0.21442334,-0.90017635,-0.4744072
-0.30991146,-0.5879439,-1.0199282
0.20294952,-0.8519546,-0.95920104
-0.42249212,-0.9430149,-0.81523985
0.5991186,-0.9673185,-1.0019336
0.22086497,-0.40107942,-1.0060062
-0.16035382,-0.6885616,-0.97379804
0.62168986,-0.41248995,-1.0258237
0.5533532,-0.9464065,-0.99943894
-0.51906693,-0.88532656,-0.6867204
0.8358011,-0.53139067,-1.0257069
0.61397827,-0.9625504,-1.0065427
0.2814622,-0.7990458,-1.0104681
0.8953255,-0.35740685,-1.0284029
0.89107895,-0.47636253,-1.0275977
0.88740593,-0.5112093,-1.0272706
0.9034239,-0.35484588,-1.0285407
0.90346235,-0.3548258,-1.0285431
0.9025958,-0.35171065,-1.028583
0.90307033,-0.353351,-1.0285612
0.68602663,0.1950478,-1.0318068
0.61735743,0.3641477,-1.031037
0.622841,0.3123338,-1.0318351
0.8435683,-0.16075385,-1.0303891
0.6328102,0.2899692,-1.0319009
0.34114563,0.71920955,-1.0283471
0.57770485,0.40392563,-1.0314952
0.6167156,0.32624915,-1.0317848
0.35325676,0.72594297,-1.0278872
0.52650625,0.8595143,-0.9527493
0.5173785,0.8802287,-0.86300033
0.81108207,0.9726696,0.350838
0.6537294,1.0049459,0.91886926
0.7272895,0.9458177,0.7868734
-0.31141046,0.98317236,0.9916909
0.44189075,0.9559766,0.94625175
-0.68058133,0.97379935,0.9978613
0.7133409,0.9493767,0.59575444
0.26970378,0.61375463,1.0223038
-0.18982685,-0.14425613,-0.90397096
0.26371732,-0.24164912,0.5069994
-0.39366323,0.017039828,1.0176669
-0.41480908,-0.337126,-0.3758594
-0.54709667,-0.46158478,-0.99088067
0.13824676,-0.8480445,-1.0071996
-0.2518511,-0.6750538,-0.9711456
-0.024796078,-0.44677988,-0.88669115
-0.035724428,-0.9213618,-0.6256054
-0.33040577,-0.9698497,-0.95878786
-0.29188728,-0.97177464,-0.9467244
-0.21504761,-0.9310441,-0.93577987
0.5748462,-0.9613845,-1.0011116
0.55852616,-0.9728567,-0.9758986
0.55469793,-0.75733167,-1.0175542
0.8519147,-0.37528127,-1.0273398
0.7152728,-0.9759917,-1.0001612
0.8635781,-0.342858,-1.0279495
0.66481096,0.21625073,-1.0319742
0.8633634,-0.63687515,-1.0251305
0.86060977,-0.6496936,-1.0256947
0.667421,-0.48177615,-1.0245693
0.902638,-0.35171786,-1.028567
0.7983163,-0.45708346,-1.0289418
0.90261954,-0.35417405,-1.0284661
0.9027894,-0.35472304,-1.0285335
0.6700564,0.15625001,-1.0319047
0.90338856,-0.35486892,-1.0285413
0.8931074,-0.3171979,-1.0289745
0.46450663,-0.525876,-1.0302796
0.9033937,-0.35476404,-1.0285407
0.6779091,0.1995747,-1.0319586
0.6489487,0.252411,-1.0320002
0.9006486,-0.34475908,-1.0286589
0.66681945,0.21700719,-1.032011
0.62259954,0.31879988,-1.0317456
0.34239656,0.7180662,-1.0283731
0.41572863,0.64383996,-1.029655
0.6386468,0.2848062,-1.0317963
0.3881419,0.6740084,-1.0292131
0.59874755,0.3634077,-1.0316635
0.35539275,0.6585819,-1.0278713
0.64872724,0.24919471,-1.031923
0.8101361,0.014335216,-1.027219
0.34455347,0.72008437,-1.0281482
0.8172974,-0.07946892,-1.029359
0.65647626,0.24375872,-1.0319077
0.76361793,-0.070685595,-1.0304269
0.49419767,0.69952285,-1.0267959
0.24711628,0.51275957,-1.0250474
0.108448066,0.11543885,-0.96901655
-0.027191956,0.6680981,-0.8649185
-0.5226578,-0.27717158,-0.7509091
0.6997519,-0.07636464,-1.0133262
-0.49801755,-0.35017082,-0.65334845
0.6768574,-0.027793076,-0.9983345
0.33879694,0.016017199,0.6299418
-0.13359076,-0.72206616,-0.8229419
0.003788181,-0.91017586,-0.93620145
-0.08984139,-0.97438306,-0.9579861
-0.55313134,-0.94110835,-0.7170506
-0.10749549,-0.9740214,-0.9575359
0.10525062,-0.7888931,-0.9970433
0.49589822,-0.9538981,-0.90376896
0.0025268793,-0.43667346,-1.0218006
0.033746455,-0.8694068,-1.0157351
0.22585972,-0.29568785,-1.0211396
0.6419181,-0.970754,-1.0064563
0.4441586,-0.38439742,-1.0228885
0.6021456,-0.9748594,-0.9992903
0.37371337,-0.63513845,-1.0180572
0.81159204,-0.3361216,-1.027443
0.32824582,-0.8737731,-1.0241808
0.89584345,-0.32932317,-1.0281776
0.32836023,0.6274261,-1.0280716
0.82176906,-0.11806495,-1.0172493
0.885135,-0.33647487,-1.0285238
0.57782584,0.40694445,-1.0314463
0.6396308,0.13787878,-1.0315988
0.851143,-0.6251195,-1.0247566
0.7855609,0.016456379,-1.03031
0.4179271,-0.1640255,-1.0292189
0.8605059,-0.313457,-1.0270314
0.2051487,-0.09132561,-1.0246559
0.5591576,0.33875448,-1.0266538
0.5683738,0.42481786,-1.0313195
0.49002934,0.6039424,-1.0272728
0.14665136,-0.2353983,-1.0193459
0.44724914,0.6261445,-1.0294758
0.112608805,0.77442414,-1.0148972
0.36251086,0.7543595,-1.0248907
0.8042242,0.9601578,0.08543981
0.63717115,1.0016385,0.9040223
0.14018914,0.99187684,0.8889451
0.6955471,1.0054693,0.9524588
0.040576972,0.98766446,0.9777232
0.7072098,1.0045166,0.94365436
0.20116843,1.001579,0.98554415
0.31349763,0.94780785,0.8941276
0.23915847,0.61253595,1.0240353
-0.5519987,0.9306303,1.0149999
0.2400676,0.6600086,1.0213102
-0.22013156,0.15979064,1.0182405
-0.63803405,-0.8860835,0.7749199
0.09425901,-0.017465677,0.82909805
-0.005374682,-0.04712187,0.65617204
-0.26597008,-0.9642541,-0.7008577
-0.7063931,-0.9078207,-0.38290077
-0.29831162,-0.62597793,-1.0196233
0.035169356,-0.5980166,-0.96435595
-0.6540724,-0.8843875,-0.587873
0.8618888,-0.51305556,-1.0267855
0.65329874,-0.77672076,-1.0187812
0.6770792,-0.2922706,-1.0255966
0.78255385,-0.89543945,-1.0160538
0.61194074,-0.9711965,-0.9982755
0.85916644,-0.25390315,-1.0244727
0.66756934,-0.34163284,-1.0305107
0.88009465,-0.26415232,-1.0269895
0.9019529,-0.35574698,-1.0285202
0.69002587,-0.96376175,-1.0038146
0.77965873,-0.3255113,-1.026947
0.6386823,-0.9090094,-1.0137876
0.8819705,-0.25974074,-1.0268639
0.8107341,-0.27217048,-1.0270371
0.33475927,0.6957838,-1.0281562
0.28534982,0.57750416,-1.0225221
0.8783903,-0.28022054,-1.0292044
0.46711075,-0.46113446,-1.0302769
-0.26564026,0.19854143,-0.85861385
0.53166234,0.90507555,-0.6868891
0.64391774,0.9400637,0.7003491
0.5356121,0.98599195,0.23571737
0.45531398,0.9369453,-0.21963085
0.8472143,0.98223853,0.6146321
-0.3943177,0.9604744,0.43077776
-0.2963532,0.80101365,1.0014771
0.24797583,0.6520622,1.0240045
-0.44335634,0.9111311,1.0234107
0.32451078,-0.0483428,0.94123054
-0.39409077,0.2853474,1.0238662
0.116725735,0.6964316,0.97839075
0.3165415,0.523222,1.0109911
-0.49832925,-0.67807025,0.94520783
-0.11426772,0.11823426,0.9430143
-0.1802587,0.11027029,0.99242926
-0.8226452,-0.8648684,0.81947166
-0.6821515,-0.97598004,-0.819661
-0.3173603,-0.6646474,1.0187448
0.19351459,-0.91810364,-0.66514707
-0.24376458,-0.968532,-0.93089724
0.23859707,-0.78306824,-0.9119167
0.05106976,-0.8483619,-0.98557144
0.5354782,-0.9666581,-0.95106816
-0.48622298,-0.9560193,-0.8772534
-0.1875544,-0.53678167,-1.0204742
0.6101493,-0.95987004,-0.9935612
0.14179938,-0.3679723,-1.0200118
0.47013217,-0.23845881,-1.0303028
0.5300835,-0.29072866,-1.0243858
0.6546723,0.2537633,-1.0317532
0.15977436,-0.8516233,-1.0216624
0.47482654,0.5782783,-1.0300796
0.49673924,0.50687414,-1.0305187
0.22464769,-0.10306764,-1.0066112
0.6380277,0.2562867,-1.031957
-0.072589576,-0.40641674,-1.0028096
0.43399772,0.64201325,-0.97356224
0.36412957,0.73551524,-1.0267253
0.40938684,0.08334458,-0.98389614
0.23771642,0.6528092,-1.0145667
0.36022952,0.010063856,-1.0257976
-0.14729941,-0.5671301,-0.99278057
0.3816015,-0.889098,-0.9797919
0.10105611,-0.20186497,-0.42668855
0.3897773,-0.8723703,-0.9131135
-0.1647043,-0.9761337,-0.962872
0.3606088,-0.9289667,-0.92231834
-0.36617073,-0.79870456,-0.69546324
0.4648802,-0.96450245,-0.9707962
0.29660603,-0.06561467,-1.0022326
0.11344772,-0.7875102,-1.0164219
-0.3492969,-0.3175399,-0.91700256
0.5372773,0.47759455,-1.0310651
-0.14938685,-0.7304937,-0.94335604
0.7912441,-0.09564158,-1.0124749
0.07792468,-0.7633191,-1.0151162
0.32245788,-0.8831363,-0.7104395
0.88914037,-0.36094803,-1.0280788
0.35908243,-0.9774981,-0.9853875
0.85370517,-0.3262633,-1.02767
0.6263392,-0.9668932,-1.0092641
0.43433613,-0.30510885,-1.023792
0.886534,-0.35335413,-1.0287989
0.78606397,-0.6049877,-1.0274899
0.90191936,-0.34952122,-1.0284655
0.39621267,-0.85391563,-1.0258629
0.06342788,-0.38405603,-1.0159359
0.90297455,-0.35848626,-1.0285143
0.8034169,-0.88670677,-1.0172008
0.90335065,-0.354806,-1.0285403
0.62885284,0.20518754,-1.0318725
0.9017786,-0.34868374,-1.0286189
0.81324786,-0.07743096,-1.0308623
0.6603178,0.22921325,-1.0320176
0.9006934,-0.34274942,-1.0285004
0.3739067,0.6883892,-1.0289667
0.6085628,0.34339285,-1.0317187
0.49263766,0.54607,-1.0306734
0.4771828,0.5678115,-1.030492
0.5761197,0.40826964,-1.031478
0.4591634,0.59184855,-1.0302657
0.417845,0.6414581,-1.029659
0.3476827,0.71326673,-1.0284767
0.4176326,0.6418812,-1.0296798
0.38998404,0.70171124,-1.0280153
0.59416693,0.9135236,-0.6232842
0.36439067,0.88882375,-0.88652724
0.44102603,0.94672245,-0.44680926
0.047199495,0.7370244,-0.95852333
-0.0065032183,1.000591,0.93945587
0.7545519,0.985228,0.8623836
-0.61114603,0.91597813,0.984957
0.00644881,0.8257555,-0.14196625
0.050003104,0.77744836,0.79306567
0.46409836,0.44150755,0.9948166
-0.36098817,-0.17296095,-0.72002494
0.3116271,0.8316758,0.34289455
0.10748244,0.33013213,1.0029202
-0.8853464,-0.9404654,-0.2855961
-0.2886188,0.19024847,-0.2577326
0.1089262,0.06153509,0.9019286
-0.6401548,-0.36694267,-0.6982984
0.2670273,0.30268875,-1.0049528
0.39246365,-0.95514697,-0.9315198
-0.5680171,-0.8847809,0.8365743
-0.28471562,-0.90887195,-0.36691597
0.15197511,-0.883577,-0.41715226
-0.7807694,-0.9382362,-0.36173946
-0.43205822,-0.9319947,-0.6835285
-0.15624768,-0.9765475,-0.965474
0.15264404,-0.94304264,-0.95929855
-0.4349964,-0.33632,-0.929999
0.7776745,-0.3347309,-1.0270853
0.7905188,-0.8920821,-1.016408
0.88858694,-0.36143348,-1.0282445
0.8883021,-0.32746246,-1.0283561
-0.1364206,-0.5374557,-1.0010321
0.6612818,0.006272396,-1.0244786
0.70494866,-0.022008965,-1.0014673
0.88184834,-0.35200647,-1.0282522
0.21232753,-0.8618108,-1.0247113
0.5118922,0.54006743,-1.0292203
0.40449604,-0.5812363,-1.0280962
0.901838,-0.3534588,-1.0285087
0.453273,-0.28119972,-1.025028
0.5635205,0.4004389,-1.031021
0.55200225,0.46492732,-1.0309151
0.3457639,0.70020753,-1.0284356
0.7425458,-0.17150691,-1.0204704
0.5976342,0.21898206,-1.0318449
0.4418079,0.54338413,-1.0296154
0.6498171,0.8727165,-0.98949105
0.35349128,0.73908526,-1.027141
0.43249276,0.30315623,-1.0297996
0.13055317,0.5743907,-1.0175967
0.62448317,0.8192258,-0.90348226
0.25801098,0.5464968,-1.0101848
0.5771465,0.16110921,-0.96295667
-0.31259018,0.82857054,0.39706865
0.16991298,0.94217104,-0.4236615
0.1440804,0.28680953,-1.014767
0.5925311,0.9108463,-0.5042698
-0.0920354,0.47549844,-0.3868126
-0.56447494,-0.24135771,0.78710634
-0.17747839,-0.50375426,-1.0180076
-0.091682546,-0.8442656,-0.9809463
-0.115139104,-0.22935145,-0.9976447
-0.12150624,-0.56161463,-0.9860556
0.21706523,-0.8411255,-0.71090615
-0.14433484,-0.66344696,-0.9980738
0.08205463,-0.8030887,-1.0075606
0.6094641,0.34058255,-1.0317016
0.76183486,0.08677206,-1.0301524
0.41139945,0.64898825,-1.0295739
0.45904505,0.62098163,-1.0296365
0.3248513,0.72915304,-1.0277551
0.3902302,0.66332656,-1.0288186
0.17932735,0.19152178,-0.6179885
0.26811826,0.81930274,-1.0105039
0.48088086,0.45391512,-1.0286676
0.4536854,0.9107729,-0.7489174
0.09474926,0.9033604,-0.9537601
0.23156157,0.9274296,0.60418177
0.8376515,0.9685781,0.36727652
0.23292656,0.61329955,1.0223001
-0.12009913,0.54374516,-0.9012329
0.35348374,0.20923184,0.8732785
-0.56083214,-0.8801435,-0.16609438
-0.5604242,0.6753456,0.9753355
-0.15623766,0.045429777,0.9665119
-0.68995005,-0.8314759,0.6390938
-0.17028412,-0.22424787,0.881634
0.21492991,0.05472018,0.9240751
-0.17467344,-0.87579864,-0.49466315
-0.19071057,0.0031376341,-0.6237698
0.12831481,0.3526979,0.33726385
-0.18962643,-0.36819002,-0.48401293
-0.26055667,-0.5972571,-0.8653524
-0.7575957,-0.934661,-0.17263648
-0.72811174,-0.41498825,0.9910256
-0.550723,-0.81804776,0.86274534
-0.29878175,-0.2522139,0.9789048
0.30554482,0.3236826,-0.9275473
0.285015,-0.25462604,0.04035813
-0.12039219,-0.46275514,-0.90126073
-0.3450376,-0.05532476,-0.6292721
-0.06409667,-0.7695357,-0.98057544
-0.36104894,-0.67620903,-0.957549
0.055968773,-0.7060351,-1.0152433
0.19445716,-0.94663393,-0.9445024
0.2961065,-0.90791416,-0.76245886
0.033657078,-0.3828457,-1.0220656
0.0025950503,-0.68513185,-1.0080949
0.64661145,-0.11081072,-1.0177674
0.8841732,-0.2726418,-1.027178
0.832158,-0.056679327,-1.0263702
-0.058733903,0.27309677,-1.0057104
-0.020083088,-0.7914759,-1.0028068
0.8601267,-0.30844855,-1.0269573
0.56541413,0.43345687,-1.0313393
0.5048737,-0.08776433,-1.0217944
0.5340579,0.5719095,-1.0256106
0.40871903,0.798464,-1.0064188
0.6347897,0.17099339,-0.99648607
0.77636194,0.008135571,-1.0312974
0.29901877,-0.8944195,-1.0234375
0.7356716,-0.23601784,-1.017092
0.0815601,-0.3877348,-0.9828262
0.24223402,0.61790323,-1.0236402
0.78733176,-0.3400698,-1.0097107
0.622693,-0.3121311,-1.0257648
0.17233726,0.09324152,-0.5167172
-0.23380487,0.48391074,-0.95366967
-0.11113957,0.48657355,-0.34110034
0.7783207,-0.022026442,-1.0275913
-0.60214734,-0.8958003,-0.8544963
0.4530845,0.2785731,-1.029631
-0.10101323,-0.6394331,-0.9930681
0.71211857,-0.9768893,-0.99878544
0.017831428,-0.49346,-1.0177273
0.18496373,-0.8292176,-1.0164897
0.39558235,-0.9329733,-0.8223739
0.8959251,-0.410286,-1.0281067
0.70339847,-0.98270583,-0.9986652
0.49834484,-0.32153347,-1.0211662
0.77715576,0.01325378,-1.0305238
0.17448522,-0.8255006,-1.0233628
0.89632964,-0.36453387,-1.02835
0.82928175,-0.123227015,-1.0305828
0.8713834,-0.62123215,-1.0258117
0.84054404,-0.3389992,-1.0277762
0.80972224,-0.07302673,-1.0308938
0.8972795,-0.38727456,-1.0282489
0.5707164,0.41628066,-1.0314388
0.72101,0.14363779,-1.0311459
0.90269595,-0.35132575,-1.0285082
0.6724372,0.20012003,-1.031966
0.72229624,-0.0052550235,-0.9998763
0.60537696,0.35307744,-1.0316584
0.31287563,0.6589912,-1.0277258
0.31225473,0.57626903,-1.0239234
0.67275923,0.22007078,-1.0317928
0.35748386,0.6971492,-1.0286531
0.3808829,0.6947901,-1.0281124
0.5310385,0.90596944,-0.6444496
-0.07719067,0.8432422,-0.9929878
0.71473056,-0.2677682,-1.0273466
0.67229223,0.9290319,-0.4623023
0.6059711,1.0000353,0.87524325
0.56218165,0.9682337,0.3785511
0.86310565,0.9778032,0.48485
0.40006417,1.0072186,0.9787261
0.09655519,0.98393106,0.8343625
0.85556984,0.97993493,0.58054924
0.6201175,0.99563384,0.98455954
0.49671486,0.9311644,1.0069954
0.4766645,0.9735319,0.92320544
-0.16115023,0.70388347,1.009491
0.220387,0.94661844,0.8489649
0.2275269,0.57224303,1.0198398
-0.43301913,0.74078274,0.93426514
0.7806867,0.9429568,0.40542957
-0.39222923,0.5271216,1.0250088
-0.8065656,0.3437157,1.0290027
0.06378717,0.48456126,1.0163766
-0.63652927,-0.91370434,-0.41361177
-0.4619409,-0.88577676,0.5269183
0.48002005,0.20628113,0.87653196
-0.7424164,-0.92089546,-0.24611893
-0.45763043,-0.18660942,-0.89867514
-0.13002712,-0.44485256,-1.0098448
0.6685025,0.25384158,-1.0314305
0.35792923,0.18202277,-1.0285935
0.89788085,-0.3438538,-1.0282563
0.2519086,-0.38869622,-1.0260581
0.73796254,0.08613984,-1.0283653
0.62967736,0.31447884,-1.0316062
0.2721082,-0.80855983,-1.0264405
0.25712198,-0.26170287,-1.0216767
0.33922824,0.7157547,-1.0282985
0.34120712,0.71964777,-1.0282983
0.34061995,0.7192771,-1.028291
0.6757038,-0.13877666,-1.0153475
0.62055224,0.31716174,-1.0318174
0.26946822,-0.09740699,-1.0260829
0.014362666,0.8402573,-0.99929607
0.5025558,0.8818324,-0.80455196
0.73371124,0.8821853,-0.95526797
0.66619384,0.078445554,-0.99709433
0.118946865,0.55049974,-1.0220932
0.33136177,0.5685714,-1.0243635
0.42095482,0.3211883,0.9084161
-0.111761294,-0.4067677,-0.48149645
-0.05275283,-0.13244838,-0.99996066
0.34580114,-0.30606973,0.89191234
0.13652492,-0.26059082,0.6436816
-0.50262094,-0.20721163,-0.6751584
-0.5923703,-0.8823542,-0.49146172
0.4973895,-0.9622509,-0.99463224
0.035750557,-0.9730667,-0.9603661
0.57540536,-0.2690809,-1.0065472
0.34821415,-0.88936275,-1.0102686
-0.17973956,-0.9230325,-0.65964276
0.18262416,-0.3362278,-1.0219932
0.6481512,-0.15534547,-1.0154419
0.3966989,-0.38249922,-1.027994
0.7747148,-0.3437421,-1.0189389
0.3707132,0.6666518,-1.0287995
0.16444702,-0.7724794,-1.0201825
0.22327426,-0.30358794,-1.0208704
0.3479679,-0.88154155,-1.0246464
0.3159573,-0.94141686,-0.83181256
0.8226294,-0.35182884,-1.0267316
0.83561105,-0.36154026,-1.0271642
0.8148883,-0.8133048,-1.0206412
0.86820704,-0.30487534,-1.0284837
0.8405645,-0.7715087,-1.0225132
0.90148866,-0.34675363,-1.0285214
0.59227467,-0.07348522,-1.0315372
0.8611298,-0.63261634,-1.0255156
0.90251744,-0.3493618,-1.0284741
0.29719847,-0.8875156,-1.0253536
0.65906125,-0.31737107,-1.0261005
0.6639828,0.2186224,-1.0320004
0.89973825,-0.34197828,-1.0286859
0.9029137,-0.35474238,-1.028535
0.64694136,0.20556149,-1.0319825
0.90260357,-0.3521495,-1.0285705
0.42357525,0.6353107,-1.0297728
0.6518617,0.2329159,-1.0320133
0.8923475,-0.3151217,-1.02901
0.66490054,0.22034867,-1.0320174
0.64052707,0.27218303,-1.0319501
0.6717632,0.21017843,-1.0319785
0.59491795,0.37118372,-1.031635
0.63616985,0.28387198,-1.0319028
0.6003681,0.3600975,-1.031676
0.3644801,0.6976747,-1.0287883
0.34392846,0.71667296,-1.028403
0.3410398,0.7193365,-1.028343
0.41493472,0.6342966,-1.0295265
0.5193019,0.48356307,-1.030176
0.10516992,0.818912,-1.0165219
0.3516938,0.7406973,-1.026484
0.84497917,0.9721741,0.35427055
0.66801286,1.0085183,0.966513
0.66354686,1.0061401,0.94662875
0.8094751,0.99163675,0.78244704
0.6274842,1.0069894,0.9718425
-0.3507376,0.9850142,0.9903382
0.147236,0.935997,0.85962796
0.20713533,0.62988764,1.0242538
-0.539208,0.91961175,0.97974133
0.48454097,0.48842835,0.97540647
-0.47612578,0.9293903,1.0148624
-0.46881354,0.95218045,0.9674734
0.4571373,0.8670225,0.99232644
-0.08008766,0.3763026,0.9712777
-0.08372247,0.6703965,0.9264749
0.43293643,0.4036012,0.9927251
-0.6246479,-0.2435902,1.0317942
0.2595364,0.5281891,1.0129884
-0.6089108,-0.8101208,0.97897804
0.25044683,-0.901771,-0.77212846
-0.43695682,-0.79323417,-1.0022527
0.14618464,-0.3264524,0.10394466
-0.75711083,-0.9345304,-0.4157659
-0.40354246,-0.94955206,-0.99147797
-0.100478835,-0.8773422,-0.5155197
0.040735576,-0.5160337,-1.0198973
-0.040179424,-0.6910999,-0.9972678
0.40171236,-0.5924974,-0.91443574
0.0416036,-0.37754202,-1.0213618
0.79359466,-0.41000998,-1.0290408
-0.49911085,-0.86396736,-0.7152737
0.39579123,-0.86189234,-1.0093418
0.23562427,-0.5851673,-1.0184104
0.8690351,-0.40286234,-1.0276941
0.45276833,-0.9585204,-0.9961042
0.33522847,-0.8679124,-0.8599341
0.66863734,-0.31881672,-1.0261799
0.70755315,-0.9768084,-1.0027071
0.5268218,-0.30472362,-1.0250163
0.89124316,-0.28592035,-1.027641
0.8998255,-0.33438978,-1.028303
0.8755519,-0.42530122,-1.0283958
0.9003481,-0.35407773,-1.0285002
0.7143084,0.1352555,-1.031721
0.6570498,0.23710725,-1.0319833
0.90285337,-0.35262477,-1.028572
0.70847464,0.14598022,-1.0318173
0.5435436,0.46472183,-1.0311967
0.36038145,0.5800771,-1.0286672
0.37433362,0.6819284,-1.0286717
0.7854596,-0.009400311,-1.0311502
0.33228722,-0.275253,-1.0226164
0.8387583,-0.32547936,-1.0279166
0.3147899,0.6269601,-1.0262698
-0.21367197,-0.1730436,-0.9589931
0.8543155,-0.2219224,-1.0281509
0.5662686,0.7707662,-0.86703086
-0.52123994,-0.53577596,-0.6989411
0.36173397,-0.17548874,-1.0174688
0.124813825,-0.4157719,-0.9116902
0.13358544,-0.7061704,-0.80791694
0.8791583,-0.48029873,-1.0274923
0.34641337,-0.94129276,-0.9964036
-0.13098532,0.06893454,-0.93991107
0.6533958,-0.973674,-0.999401
0.62705225,-0.9657764,-1.0087663
0.13479173,-0.282022,-1.0219728
0.5370294,0.52091396,-1.0293772
0.25118226,-0.87953603,-1.0256594
0.22284172,-0.22683424,-1.0191387
0.8497736,-0.1781574,-1.0302464
0.40832627,-0.7044185,-1.0289488
0.77806324,-0.035820205,-1.0052596
0.6708264,0.22226405,-1.031831
0.49616125,-0.52344775,-1.0299472
0.23683795,-0.26155826,-1.0219713
0.63853186,0.29532725,-1.0315601
0.018900003,-0.5144785,-1.0147774
0.81486404,-0.016185462,-1.0275551
-0.006340777,0.18448286,-1.0304478
0.37926286,0.6693916,-1.0289068
0.34072676,0.5572137,-1.0248314
0.72411764,0.14175715,-1.0312401
-0.0045188596,-0.7797086,-1.0079472
0.6228357,0.061744407,-1.0142412
-0.05905865,-0.6809519,-1.0092317
0.60673255,-0.3029366,-1.0254173
0.88910514,-0.30796823,-1.0283024
0.7948248,-0.036906768,-1.031052
0.27775148,0.46798038,-1.0228897
0.87880635,-0.23656416,-1.027229
0.50278616,0.52942216,-1.030635
0.12225524,0.14612311,-0.980263
-0.20537037,-0.22858422,-0.982005
0.88050896,-0.28928465,-1.0280933
0.3712924,0.79574025,-1.008305
0.11732244,0.77243483,-0.8390546
0.6801394,0.9668558,0.35443166
0.84018993,0.9722711,0.35643372
0.6568656,1.0064309,0.9484886
0.5506747,0.97352266,0.26243252
-0.16285418,0.98452115,0.8585485
0.46278766,0.88963073,1.0122855
-0.36810416,0.890823,1.0252593
0.18352059,0.9273109,0.81340164
0.36414987,0.80547386,1.0055623
-0.2330621,0.94742334,0.96186346
0.30382323,0.8624798,0.86400914
-0.45849052,-0.6115599,0.94651645
-0.37076196,-0.14355586,0.5418416
0.28146362,0.07157621,0.86514413
-0.07885564,0.41304362,1.017926
-0.34734666,0.0016055594,0.9116953
-0.4063906,-0.7855094,0.39812607
-0.50647956,-0.64653313,0.9674169
-0.2323694,-0.24270199,1.0098227
-0.7095309,-0.8895522,0.55738133
-0.2517979,-0.7004891,0.97700804
-0.7604888,-0.9291278,-0.15724517
-0.42019752,-0.7938649,-0.89469963
0.26820308,-0.905578,-0.98265404
-0.6399024,-0.8356148,-0.95497006
0.07717504,-0.84152144,-1.0157113
-0.19342707,-0.9620522,-0.9180066
0.6765242,-0.97856915,-1.0008489
0.6158184,-0.9652789,-1.0036727
0.636292,-0.8092427,-0.9841452
0.6828586,-0.97397107,-0.9970118
0.42278022,-0.34420645,-1.0219443
0.71372974,-0.76192087,-1.0154964
0.6300417,-0.96649635,-0.98721546
0.66216964,-0.45496157,-1.0248631
0.5958232,-0.95966417,-1.0121769
0.82344884,-0.3080468,-1.0272001
0.59078336,0.33123168,-1.0316014
0.8932847,-0.35888138,-1.0283337
0.8623783,-0.21727464,-1.0298647
0.8314756,-0.12951167,-1.0305856
0.7940321,-0.021559102,-1.0308783
0.7068779,0.20671348,-1.0305935
0.38730305,0.67463833,-1.0291673
0.35020912,0.71128136,-1.0284952
0.3599987,0.7025103,-1.0286765
0.3498082,0.5557653,-1.0258408
0.7559785,0.9484154,-0.15482624
0.373404,0.7765521,-1.0235006
0.76330084,-0.060172748,-1.024649
0.6597871,0.98172414,0.5569882
-0.10227946,0.6199402,-0.96919435
0.37382412,0.7421063,-1.0264633
0.17394511,0.33190998,-0.9859642
-0.15394229,0.94753134,0.5778301
0.689118,0.9148688,0.3212792
-0.6308841,0.96576566,0.9991572
0.6333815,0.9781937,0.8487888
0.6664196,1.0045671,0.95457566
0.54466593,0.9971585,0.96374625
-0.5111699,0.93757075,0.9554233
-0.13591173,0.38660023,1.0189592
-0.76414317,0.1967114,1.0304165
0.015962044,0.14655761,1.0087793
-0.6859163,-0.4295802,1.0299785
-0.5920256,-0.05712174,-0.642484
0.21181698,-0.038824487,0.6220242
-0.43694034,-0.48378122,1.0106783
-0.25178978,-0.63226485,-0.8833135
-0.5028033,-0.61837184,-0.9629481
